Price,Close,High,Low,Open,Volume,SMA50,SMA200,EMA20,RSI14,MACD,MACD_signal,MACD_hist
Ticker,WIPRO.NS,WIPRO.NS,WIPRO.NS,WIPRO.NS,WIPRO.NS,,,,,,,
Date,,,,,,,,,,,,
2024-01-01,228.9259796142578,231.97257164275777,224.67994305813244,226.93490462673097,20347278,228.9259796142578,228.9259796142578,228.9259796142578,,0.0,0.0,0.0
2024-01-02,225.1117401123047,229.33377871738497,222.7608172782369,229.33377871738497,14282514,227.01885986328125,227.01885986328125,228.5627187093099,0.0,-0.30426981781963036,-0.060853963563926076,-0.24341585425570428
2024-01-03,218.730712890625,222.56893558540818,218.2989157657934,222.56893558540818,19534364,224.25614420572916,224.25614420572916,227.62633720276847,0.0,-1.0482182019682114,-0.2583268112447831,-0.7898913907234282
2024-01-04,217.0514678955078,220.6258182650739,216.57169010854088,219.2584486438869,15170336,222.45497512817383,222.45497512817383,226.61920679255317,0.0,-1.7530951042368201,-0.5572804698431906,-1.1958146343936296
2024-01-05,219.06655883789062,222.13713400377986,217.579244645171,218.32289442070214,16889130,221.77729187011718,221.77729187011718,225.8999069873472,3.887817084642279,-2.1246228003057013,-0.8707489359356928,-1.2538738643700085
2024-01-08,216.06793212890625,220.69778490566114,215.44421221265733,219.49834042247818,10082886,220.8257319132487,220.8257319132487,224.96352842940047,3.6597959346189413,-2.630700216457541,-1.2227391920400625,-1.4079610244174783
2024-01-09,216.25985717773438,221.89724668819113,215.87604076985562,219.73824645014386,14465048,220.17346409388952,220.17346409388952,224.1346073578132,4.04769493306442,-2.981909866624875,-1.574573326957025,-1.4073365396678499
2024-01-10,217.62721252441406,218.77867631352237,215.42023172099022,216.59569318503907,8874676,219.85518264770508,219.85518264770508,223.51485546891806,6.923025434705963,-3.1140154638399338,-1.8824617543336069,-1.231553709506327
2024-01-11,215.0364227294922,219.2104809386828,214.31675600635688,218.27492298360107,8638818,219.31976487901477,219.31976487901477,222.7073856842108,6.5241028485579875,-3.388702334599458,-2.183709870386777,-1.2049924642126806
2024-01-12,223.3125762939453,225.01578157715258,218.29889257484953,218.29889257484953,36086734,219.71904602050782,219.71904602050782,222.76502288513788,21.98848153798744,-2.905089173105978,-2.3279857309306173,-0.5771034421753605
2024-01-15,237.298095703125,253.8024486006185,234.68330091475488,245.62224321221373,127844264,221.31714144620028,221.31714144620028,224.1491250582795,40.04049395842323,-1.377429573219473,-2.1378744993883885,0.7604449261689155
2024-01-16,232.69223022460938,237.49000816738481,230.5332301503604,237.49000816738481,25912492,222.26506551106772,222.26506551106772,224.9627541217395,37.003609208478,-0.5322675365721068,-1.8167531068251321,1.2844855702530253
2024-01-17,231.44480895996094,235.81078989033094,226.4551227431052,227.96641989240266,28668932,222.97119962252103,222.97119962252103,225.58009267776058,36.20274846853542,0.03645279053375816,-1.446111927353354,1.4825647178871122
2024-01-18,231.5647430419922,234.6113348792875,224.72790966360802,231.44479859675738,26144924,223.58502415248327,223.58502415248327,226.15005937911596,36.345393586043336,0.49118336913448957,-1.0586528680557854,1.549836237190275
2024-01-19,232.71621704101562,236.6983815832526,232.02054801299724,234.1315674138068,15498620,224.1937703450521,224.1937703450521,226.7754077278683,37.78371265222441,0.9337117099074987,-0.6601799524631287,1.5938916623706274
2024-01-23,225.44757080078125,233.17199581261676,224.08020123033913,229.3577566911185,19972336,224.27213287353516,224.27213287353516,226.64894706814573,32.75268816864559,0.6899463314071568,-0.3901546956890716,1.0801010270962283
2024-01-24,229.84690856933594,230.30367538131173,225.03889864488266,226.4572674417491,11708750,224.6000608556411,224.6000608556411,226.95351483016384,38.123000050864356,0.8420437476644338,-0.14371500701837053,0.9857587546828044
2024-01-25,225.9764862060547,230.47197881302836,225.27931883690403,229.8469286644732,12852980,224.67652893066406,224.67652893066406,226.8604644850106,35.441416186331836,0.6428608083715801,0.013600156059619603,0.6292606523119605
2024-01-29,227.4188690185547,229.34207298488496,225.976466043807,225.976466043807,10051300,224.82086261950042,224.82086261950042,226.91364586915765,37.21386985486807,0.5945416266364987,0.1297884501749954,0.46475317646150327
2024-01-30,227.178466796875,232.17879413676957,226.6976658089451,228.09198573936544,11828014,224.93874282836913,224.93874282836913,226.93886690989262,37.031382220653356,0.5307319295119157,0.2099771460423795,0.32075478346953623
2024-01-31,229.89498901367188,230.73639074097383,225.4956629169265,227.17846637153042,10584480,225.1747545514788,225.1747545514788,227.22040234834782,40.57739087411025,0.691392976927915,0.30626031221948663,0.3851326647084284
2024-02-01,226.6255645751953,229.67865399840647,226.26496380882114,229.60652210682545,7828120,225.24070046164772,225.24070046164772,227.16375113185708,37.81714898666034,0.5485791075670647,0.3547240712890023,0.19385503627806244
2024-02-02,232.2989959716797,233.90968222683136,228.3804708278415,228.3804708278415,16296222,225.54758287512738,225.54758287512738,227.65282206898306,44.830438142180434,0.8830177075586789,0.4603827985429376,0.4226349090157413
2024-02-05,231.91436767578125,235.35209192665025,230.37579859076465,232.22688539442711,11566604,225.81286557515463,225.81286557515463,228.05868355534477,44.46430191694062,1.1042967727504163,0.5891655933844333,0.515131179365983
2024-02-06,240.2322235107422,241.26594275540603,232.27497260481258,233.04425716114932,29024038,226.38963989257812,226.38963989257812,229.21806831300165,53.3394294558535,1.9286116423106137,0.8570548031696694,1.0715568391409442
2024-02-07,238.09266662597656,241.2178731989155,236.818532207934,240.85727244049946,9103534,226.83975630540115,226.83975630540115,230.06326815233257,51.07824761694577,2.381786997827362,1.162001242101208,1.219785755726154
2024-02-08,235.03958129882812,240.44859276778143,233.2365774758437,238.4292226168858,11303840,227.14345352737993,227.14345352737993,230.53720273771307,47.954227581134006,2.4661450765044037,1.4228300089818473,1.0433150675225564
2024-02-09,235.80885314941406,237.87629155247078,232.1066796300258,236.02520479277663,7893788,227.4529320853097,227.4529320853097,231.03926468168459,48.80387837156419,2.5654997863236986,1.6513639644502178,0.9141358218734807
2024-02-12,241.09767150878906,245.59314919860284,236.07329510232594,236.07329510232594,48873500,227.92344034129175,227.92344034129175,231.99720818902784,54.32465683922367,3.0360053707040606,1.9282922457009866,1.107713125003074
2024-02-13,245.97779846191406,246.6509169380848,236.40986134372662,241.89098989666314,22373576,228.52525227864584,228.52525227864584,233.32869297692176,58.74537707880824,3.759334626855889,2.294500721931967,1.464833904923922
2024-02-14,247.3721160888672,248.57411859658762,238.98213271582563,242.2996713754398,22594656,229.13321562736266,229.13321562736266,234.66616184472608,59.93841599706979,4.394431779246247,2.7144869333948227,1.6799448458514243
2024-02-15,249.29531860351562,251.3867912160784,246.67494728327472,248.550082922359,14570776,229.76328134536743,229.76328134536743,236.0594148693727,61.5884460341922,4.995353888079649,3.170660324331788,1.8246935637478607
2024-02-16,261.074951171875,262.036553201974,250.4732946591867,251.2185303633604,34942644,230.71211982495856,230.71211982495856,238.44184689818243,69.79460108161496,6.348920487199109,3.8063123569052526,2.5426081302938566
2024-02-19,257.685302734375,262.4692785705191,255.4736005190612,262.4692785705191,18602758,231.50544873405906,231.50544873405906,240.2745569778198,65.46082084975536,7.066655463150795,4.458380978154361,2.608274484996434
2024-02-20,255.76211547851562,258.7430877534928,253.02154372013715,257.61318771801916,10374126,232.19849635532924,232.19849635532924,241.74956254931465,63.06802373635305,7.395035102381712,5.045711802999832,2.3493232993818802
2024-02-21,250.68966674804688,257.8535844295117,249.77613306014618,257.66128162653024,13115574,232.71213997734918,232.71213997734918,242.601001044432,57.135849539885186,7.163398908438239,5.4692492240875135,1.6941496843507258
2024-02-22,255.32937622070312,256.26694408039424,250.71369815943746,251.3627677991961,14596482,233.32341663257495,233.32341663257495,243.8132272516959,60.77059649847456,7.270402658484329,5.829479910966876,1.4409227475174529
2024-02-23,257.7814636230469,260.23353694416915,256.4111631882614,257.2285307438901,19860994,233.9670494481137,233.9670494481137,245.14353547753888,62.57673669804365,7.466992025704741,6.156982333914449,1.3100096917902917
2024-02-26,256.2188720703125,257.9497439822133,252.92536751732104,257.8295437287267,8820636,234.53760900252905,234.53760900252905,246.19832943875542,60.66011160917431,7.411269929995996,6.407839853130758,1.0034300768652376
2024-02-27,255.52169799804688,258.38246982480047,253.64656235475917,256.7477346821515,10399260,235.06221122741698,235.06221122741698,247.0862693015451,59.78035370733751,7.2275390751146915,6.571779697527545,0.6557593775871462
2024-02-28,248.9106903076172,255.28130373008128,247.61252170332057,254.82453689856294,12789056,235.39997900986089,235.39997900986089,247.26002368307576,52.068695282294996,6.473851449118001,6.552194047845637,-0.0783425987276356
2024-02-29,249.3433837890625,252.05992114389258,246.74707602851504,248.7183483659176,14462764,235.73196483793714,235.73196483793714,247.45843893126496,52.500587044436756,5.844096219872711,6.410574482251052,-0.5664782623783413
2024-03-01,249.5837860107422,252.51668970232538,248.83855033392882,251.17045277876517,9420630,236.05410021404887,236.05410021404887,247.66085293883424,52.75530031361711,5.303276246325936,6.189114835066029,-0.8858385887400928
2024-03-04,250.2569122314453,253.0936497760244,249.31934444326996,251.43488051167776,5662370,236.37689139626244,236.37689139626244,247.90809668098768,53.50708388202791,4.8728173758672995,5.925855343226283,-1.0530379673589838
2024-03-05,246.79515075683594,250.25692387264212,245.5210310242414,248.93472110482315,10521548,236.60840827094185,236.60840827094185,247.80210183106848,49.17341778120572,4.2038806802301,5.581460410627047,-1.3775797303969473
2024-03-06,246.72305297851562,247.54039122870535,240.40050788288957,246.9874876680338,11091922,236.82829185154128,236.82829185154128,247.6993352736825,49.08425250260382,3.626126116657133,5.190393551833065,-1.5642674351759318
2024-03-07,247.8529052734375,250.20884181453576,245.4489003726282,247.01150355815423,9707982,237.06285809456034,237.06285809456034,247.7139609879449,50.59611046410641,3.222276700157437,4.796770181497939,-1.574493481340502
2024-03-11,247.39614868164062,249.51168481995308,246.31434643163715,248.7664491391035,11131512,237.27813498179117,237.27813498179117,247.68369314924922,49.950388480165785,2.832712936885798,4.403958732575511,-1.5712457956897126
2024-03-12,245.6171875,251.21851607210309,244.12670150356047,246.53070644204948,11652760,237.44831972706075,237.44831972706075,247.48688308741598,47.41241628169506,2.353306100039106,3.9938282060682297,-1.640522106029124
2024-03-13,242.51602172851562,249.39148483970368,238.8619311899751,247.0355481988422,13580480,237.54967376708984,237.54967376708984,247.01346771990166,43.28369546729845,1.7034977064933514,3.5357621061532543,-1.8322643996599028
2024-03-14,249.0308837890625,249.48765060816015,238.06861218665782,240.95341818630925,12825472,237.95177185058594,237.77479553222656,247.20560258363125,52.61835511359785,1.694679582972725,3.1675456015171486,-1.4728660185444236
2024-03-15,248.57412719726562,249.17512847192052,243.47763345361557,247.49232490288682,13649086,238.42101959228515,237.98247498732346,247.33593826112025,51.97250976860636,1.6320217856212196,2.860440838337963,-1.2284190527167436
2024-03-18,245.30467224121094,249.31934879025687,244.7277051810616,249.05491411353617,6393960,238.9524987792969,238.12062965249115,247.1424843544622,47.480111848744684,1.3035211583172952,2.5490569023338296,-1.2455357440165344
2024-03-19,237.92437744140625,244.72770864701707,237.10700987343236,244.72770864701707,9617386,239.36995697021484,238.11699535228587,246.26456941036162,39.23555427966991,0.44255246448142316,2.1277560147633485,-1.6852035502819254
2024-03-20,237.27529907226562,241.00150690977335,235.20786059286593,238.50133578190554,8385344,239.73413177490235,238.10169178355824,245.40844842578105,38.60072177282227,-0.28881732183972986,1.644441347442733,-1.933258669282463
2024-03-21,240.6168670654297,242.94874018435635,239.65526506244726,240.23221746050743,11644580,240.2251104736328,238.14660562787736,244.9521073438428,43.6551436692319,-0.591972644182647,1.1971585491176573,-1.7891311933003042
2024-03-22,234.1981658935547,235.95308657794828,230.568109604011,235.23188509070036,28646502,240.5838766479492,238.0773347553454,243.9279224438154,37.302834893786255,-1.3347745127868507,0.6907719367367557,-2.025546449523606
2024-03-26,230.71237182617188,236.04926606990065,230.32772220736825,233.669295157477,18273346,240.84557983398437,237.9503526358769,242.6692985754684,34.37728812583387,-2.1795997256122632,0.11669760426695197,-2.296297329879215
2024-03-27,227.08230590820312,231.24124628693673,226.57747072851785,230.64024503831996,14320668,241.08649749755858,237.76614845405192,241.1848230833479,31.59806647778909,-3.106238985805021,-0.5278897137474426,-2.5783492720575785
2024-03-28,230.8325653076172,232.2509194678547,228.5247116811622,229.1978448260963,15455150,241.23689727783204,237.65058873494465,240.19889377137355,37.24283773317283,-3.4976736793269367,-1.1218465068633416,-2.375827172463595
2024-04-01,233.16445922851562,233.86161189993004,231.52972403125122,232.56345795683976,6041008,241.15422454833984,237.5770456282819,239.5289476244347,40.52918910051897,-3.578473725526578,-1.613171950595989,-1.9653017749305892
2024-04-02,231.3614501953125,232.0826517050574,230.5921656503415,231.72205095018495,6932654,241.1276089477539,237.47679408904045,238.75109072642306,38.835800041172426,-3.744828058097738,-2.039503172096339,-1.7053248860013994
2024-04-03,232.3230438232422,234.48664827438748,228.83723665195257,230.78447478883064,13794516,241.14517364501953,237.39498852926587,238.13889578326297,40.26919399328942,-3.755778222321794,-2.38275818214143,-1.3730200401803643
2024-04-04,234.3424072265625,236.53006060606776,230.59216525152812,233.573122682922,16004046,241.20072692871094,237.34729194641113,237.7773254445296,43.27558774981893,-3.5604677008954866,-2.6183000858922414,-0.9421676150032452
2024-04-05,233.2125244140625,234.22220947129594,232.01052188708994,233.90969174885956,6414344,241.21065307617187,237.28368013822114,237.34258248924704,42.001737585866195,-3.457004608457254,-2.7860409904052443,-0.6709636180520095
2024-04-08,230.7364044189453,236.3617821698158,229.91905149627146,235.59249761038905,26640770,241.31642974853514,237.1844789909594,236.71342267302782,39.273407427724486,-3.5340729589100874,-2.9356473841062134,-0.598425574803874
2024-04-09,228.76512145996094,233.30869700809708,228.4766525837286,232.6836615457499,15801250,241.29479400634764,237.05881693825793,235.95644160511668,37.20158254265035,-3.7114331509056626,-3.0908045374661035,-0.6206286134395591
2024-04-10,229.48631286621094,230.52004676098227,227.46695745730977,229.58247893596527,10771534,241.36499053955077,236.94745658425722,235.34023886807805,38.48024328105644,-3.75056409341326,-3.222756448655535,-0.5278076447577251
2024-04-12,226.3370819091797,230.78449137845192,225.97648114140085,228.38048625992639,13170046,241.34335479736328,236.79368303824162,234.48279534818298,35.11767552033797,-3.9897014712275336,-3.3761454531699346,-0.613556018057599
2024-04-15,220.85594177246094,225.1831507624271,220.30302355831944,224.26963179912175,12176472,241.216904296875,236.56600102015904,233.1849997695428,30.175298341476577,-4.568835080464396,-3.6146833786288273,-0.9541517018355687
2024-04-16,215.567138671875,220.4472660545363,213.86028625965338,217.8268946455856,21439424,240.93034729003907,236.27024239553532,231.50710823643158,26.32534573169862,-5.392404564893695,-3.970227615881801,-1.4221769490118943
2024-04-18,213.64393615722656,218.98083041344464,212.922734627275,217.56246153538683,21986258,240.6707147216797,235.95598814222546,229.80585375269777,25.072620455418672,-6.129617272496631,-4.402105547204767,-1.7275117252918637
2024-04-19,217.6826629638672,218.2355812052342,210.1100468585532,211.55244992623207,20470106,240.37838806152342,235.70566861923427,228.65126415376153,32.35270365817536,-6.315174750886598,-4.784719387941134,-1.5304553629454638
2024-04-22,222.13006591796875,224.12538716858614,216.36045381620332,217.68265658952456,18881740,240.1827020263672,235.5222145286766,228.0301976551146,39.34195840103937,-6.0338081549859055,-5.034537141350088,-0.9992710136358172
2024-04-23,222.1781463623047,224.43790227207967,221.26462739142195,224.43790227207967,10322712,239.82162048339845,235.34429361979167,227.47285943675175,39.41483588832333,-5.740767417282086,-5.1757831965364876,-0.5649842207455986
2024-04-24,221.12037658691406,223.4041813330047,220.4953411571368,223.04358058362195,5915168,239.4821746826172,235.1571368167275,226.86786107010053,38.32394191326093,-5.530135739713046,-5.246653705171799,-0.28348203454124654
2024-04-25,221.64927673339844,222.39451246714492,219.1491054867752,220.63959162715125,11805090,239.21436859130858,234.98171006239855,226.3708530380337,39.229636705366836,-5.259897966516718,-5.2493025574407834,-0.01059540907593437
2024-04-26,223.38014221191406,228.7651044798729,221.9377392462834,222.08197367369377,21478294,238.9657943725586,234.83297201303336,226.0860234355461,42.21995520844807,-4.8501566192418295,-5.169473369800993,0.31931675055916386
2024-04-29,222.5868377685547,225.0148770470244,221.93775345788094,224.84659375568194,7249940,238.5955776977539,234.6779576555083,225.75276765773742,41.21884320475277,-4.537145301397118,-5.043007756120218,0.5058624547231005
2024-04-30,222.3223876953125,224.4138750573112,221.88966971387063,222.61087124056795,8902956,238.12246948242188,234.52351303100585,225.42606480417314,40.87093238587367,-4.261298886690241,-4.886665982234223,0.6253670955439814
2024-05-02,219.9183807373047,222.61086934866856,218.98082756429574,222.32238580586483,14937276,237.57339477539062,234.34320275577497,224.90152346447138,37.75145035625101,-4.188390724961067,-4.747010930779592,0.5586202058185243
2024-05-03,219.89434814453125,222.13006993986897,217.89902685778642,221.36078537779508,9730626,236.98537536621095,234.16699721173543,224.4246496244771,37.72045515519313,-4.0854551273037885,-4.614699770084431,0.5292446427806423
2024-05-06,220.51937866210938,222.41854850663984,219.2452589296604,220.59149587849663,6918126,236.17426391601563,234.0025680725833,224.05271905663255,39.12042193059777,-3.908389701784813,-4.473437756424508,0.5650480546396945
2024-05-07,223.0435791015625,223.74074641488946,218.2836521759152,222.03389407542352,9278528,235.4814294433594,233.87210391816637,223.95661048948304,44.542205667883174,-3.5237624564014993,-4.283502696419906,0.7597402400184068
2024-05-08,222.70703125,224.24558566133695,221.7934976027486,223.57246718932188,8205680,234.82032775878906,233.74075012207032,223.83760294286563,43.979823288889904,-3.2091066089306537,-4.068623478922056,0.8595168699914026
2024-05-09,219.19717407226562,223.28398259290208,218.30768928319773,222.0098628710448,9233484,234.19047790527344,233.57163877265398,223.39565733614182,38.51785267864902,-3.2059989635926627,-3.8960985758561777,0.690099612263515
2024-05-10,217.24993896484375,219.96646173253797,216.50468859677457,219.26929439997042,6654714,233.42888916015625,233.38403302773662,222.81035082458962,35.85721313572894,-3.3223635923262407,-3.7813515791501904,0.4589879868239497
2024-05-13,217.2980194091797,217.9230548446004,213.95644656557567,217.24993637425143,7111608,232.61922027587892,233.20123741843483,222.28536688026486,35.97481374967337,-3.371835290591264,-3.699448321438405,0.3276130308471412
2024-05-14,219.41354370117188,221.12038141637615,217.4182224455843,217.65862295042334,4909420,231.8831137084961,233.0463195114993,222.0118599108274,41.092423305254755,-3.2034099221717156,-3.6002406415850676,0.396830719413352
2024-05-15,220.35108947753906,221.04825678734795,218.59616878563622,219.4135363438341,4793424,231.17970153808594,232.90526140001086,221.85369129813327,43.25707087090806,-2.960156652250504,-3.4722238437181554,0.5120671914676516
2024-05-16,223.3080291748047,224.77446634813705,219.29333791080165,222.13006086168838,14621472,230.6676483154297,232.79979730962398,221.99219966734006,49.553337984938985,-2.4999583976613735,-3.2777707545067996,0.777812356845426
2024-05-17,221.64927673339844,223.2839973148599,221.1925098818228,223.2839973148599,6876820,230.1137661743164,232.67859599901283,221.95954034029802,46.4402611653495,-2.2432367872816883,-3.0708639610617774,0.8276271737800891
2024-05-21,221.60118103027344,223.47630202163083,221.02422862602316,222.6108660788143,8467448,229.55411407470703,232.55948401010164,221.92541088220042,46.34933898234974,-2.020374364728866,-2.8607660417951957,0.8403916770663296
2024-05-22,221.7935028076172,222.82723673030446,220.61554912216815,222.56278736777972,7765884,228.98484588623046,232.4449522951816,221.9128482084306,46.79788905826547,-1.807400936163134,-2.6500930206687836,0.8426920845056496
2024-05-23,223.9571075439453,225.01487564905545,222.0098692969046,222.3704700591627,13171332,228.52808502197266,232.35560656095805,222.10753957371773,51.69113284877505,-1.4473490010707621,-2.4095442167491794,0.9621952156784173
2024-05-24,222.9233856201172,226.21687547715598,222.13006688723925,224.53407194013144,8205526,228.0520916748047,232.25735425949097,222.18523919718436,49.35545143515313,-1.231225171191852,-2.1738804076377143,0.9426552364458622
2024-05-27,217.53842163085938,222.20218259812913,217.12973784006135,222.13006538160766,40983758,227.44580200195313,232.10561268599992,221.74268514324865,39.374418892617335,-1.4774361050886,-2.0345915471278917,0.5571554420392917
2024-05-28,219.26930236816406,219.8462694693856,217.85094814305904,218.28366613253374,15778126,226.8832650756836,231.97462992765466,221.50712487895487,43.34067508713999,-1.5154235744809341,-1.9307579525985004,0.41533437811756624
2024-05-29,216.74508666992188,219.00485725720617,216.12005123405967,218.28365575141956,9756036,226.30582305908203,231.82079615737453,221.05359743047555,39.30246726627704,-1.7292779885429468,-1.8904619597873897,0.16118397124444295
2024-05-30,210.08599853515625,216.12004509295937,209.1965137687179,215.87964459786153,20724568,225.65722259521485,231.60344818115234,220.0090642023499,31.076333755310813,-2.4083301813814444,-1.9940356041062008,-0.41429457727524355
2024-05-31,210.68701171875,212.58616693397502,209.38884310246343,210.37447931909693,21438004,224.8903451538086,231.39635475083153,219.1212496801023,32.45053944829881,-2.864961700368468,-2.1682208233586544,-0.6967408770098138
2024-06-03,213.5237274169922,216.62488506881704,212.2976760610671,216.45661645682134,8964424,224.18933715820313,231.22113291422525,218.58815232171088,38.666361834041204,-2.963781590309111,-2.3273329767487456,-0.6364486135603653
2024-06-04,210.6629638671875,214.38917177021995,200.49402523413352,214.38917177021995,17730732,223.49650299072266,231.02153903998217,217.83337246889914,35.153242250476055,-3.235638350328969,-2.5089940514647906,-0.7266442988641786
2024-06-05,217.0816650390625,218.76446864401646,211.09568634657302,211.40821875437086,12267428,223.07964874267577,230.88750178997333,217.76178128510517,46.82677929150739,-2.8997250249490776,-2.587140246161648,-0.3125847787874294
2024-06-06,221.64927673339844,222.1300777675273,217.61055098129276,218.74043634607216,15425568,222.76712829589843,230.79951869419642,218.1320189468474,53.27304733889603,-2.2391318852890265,-2.517538573987124,0.2784066886980976
2024-06-07,232.9721221923828,233.86160699036623,225.159105824619,225.97647340609183,72672440,222.6142333984375,230.82001495361328,219.54536211308886,64.69822622161743,-0.792809053952169,-2.172592669980133,1.379783616027964
2024-06-10,228.5006866455078,234.82321717624092,227.5871676345263,234.82321717624092,18311752,222.50028381347656,230.79833898811697,220.3982501637954,58.60425019003625,-0.007310992638963398,-1.7395363345118993,1.7322253418729359
2024-06-11,228.88531494140625,230.39984986121254,228.06796202813547,230.39984986121254,9371714,222.46374267578125,230.7806258024993,221.2065420473774,58.962321962963046,0.6388736316255859,-1.2638543412844023,1.9027279729099882
2024-06-12,229.2939910888672,232.89999854362884,228.6449068124337,229.8228751168086,13875116,222.50797637939453,230.7669869519155,221.97677528942407,59.36452231449068,1.170463971440853,-0.7769906787393515,1.9474546501802044
2024-06-13,232.03456115722656,233.3567638822831,229.8949908784369,230.7844756462331,12995932,222.53201629638673,230.77851035378197,222.93465965778623,62.050555603691386,1.7922344827727272,-0.2631456464369358,2.055380129209663
2024-06-14,229.5824737548828,233.47696472592943,228.95743833423168,233.18848119605897,11322596,222.46037658691407,230.76773524928737,223.56778480989067,58.33507095611948,2.0633441848227108,0.20215231981499351,1.8611918650077173
2024-06-18,236.4819793701172,237.03489759626223,230.8085186563758,231.26528548438566,31870984,222.56278717041016,230.8187552860805,224.79770810134082,64.73381810980851,2.802626089526484,0.7222470737572917,2.0803790157691924
2024-06-19,238.3571014404297,239.03021992192302,234.02989233712387,236.6742979002552,20880284,222.6834683227539,230.8854663139951,226.08907889553976,66.25081218680086,3.4994791875440967,1.2776934965146527,2.221785691029444
2024-06-20,235.78480529785156,239.19849530104588,234.75108609193097,239.19849530104588,12571126,222.71231628417968,230.9284429717482,227.01248141004564,62.292266349038236,3.800369196696437,1.7822286365510096,2.018140560145427
2024-06-21,235.85693359375,240.85727592101583,235.15978092113423,239.4148728665082,95171176,222.76520446777343,230.97129941193953,227.85481018944606,62.36018067427542,3.9985540058567324,2.225493710412154,1.7730602954445782
2024-06-24,235.85693359375,237.94842095736257,235.32806421207,235.64058193930344,9934518,222.86761505126952,231.01341694798964,228.61691718033214,62.36018067427542,4.108259437468291,2.6020468558233816,1.5062125816449097
2024-06-25,238.88597106933594,239.4388892645875,235.25591484804147,235.85691607611525,9258210,223.07003204345702,231.08070373535156,229.5949223126182,65.39567665619401,4.389025834219609,2.959442651502627,1.429583182716982
2024-06-26,238.09266662597656,240.35242257498757,237.4195334719607,238.88598535991534,12812090,223.24215911865235,231.1401271496789,230.40423129484282,63.94127831566089,4.495698573124656,3.266693835827033,1.2290047372976232
2024-06-27,245.5931396484375,246.14607252485024,235.2078500101181,236.6262041258818,42137138,223.6272802734375,231.26158103622308,231.85079399518517,70.59905310185025,5.126369380917538,3.6386289448451343,1.4877404360724036
2024-06-28,247.54037475585938,248.237542051479,243.2131805748078,246.17010369041915,16405832,224.16096893310547,231.3972376505534,233.34503978191606,72.04228104680786,5.717399516607486,4.054383059197605,1.6630164574098814
2024-07-01,253.55039978027344,257.61317416622165,247.17978642553527,249.0068537321851,30757528,224.92063415527343,231.58032163509654,235.26935978175962,75.96401484894196,6.594733960857894,4.562453239529663,2.032280721328231
2024-07-02,258.76708984375,262.0365305948637,254.00714846711628,254.48794944068482,36276968,225.8230972290039,231.80316399746255,237.5072388352825,78.75034002921063,7.6230968044555425,5.174581952514839,2.448514851940703
2024-07-03,259.1517333984375,262.25290565055855,257.4689299348113,260.5460680066046,16049384,226.6524786376953,232.0255100901534,239.5686192698687,78.94415647497064,8.372605107312523,5.814186583474377,2.5584185238381467
2024-07-04,255.16111755371094,263.8636046311015,254.39181828298496,260.30569454595593,19524632,227.31309967041017,232.2120875696982,241.0536191064251,71.64319995624443,8.546072683392481,6.360563803457998,2.185508879934483
2024-07-05,257.276611328125,257.94974448727385,254.56010320146828,255.47360752229596,10376090,228.01506896972657,232.41260375976563,242.5986659846822,73.06529464620266,8.753346524908153,6.839120347748029,1.914226177160124
2024-07-08,260.2095031738281,261.0749390917198,257.2285311493003,257.6852979616154,12176360,228.79685150146486,232.63321407257564,244.27588857412468,74.94156018243399,9.049950205810944,7.281286319360612,1.768663886450332
2024-07-09,260.11334228515625,262.0125121136924,258.4786071387738,261.55574529228284,8681444,229.5661328125,232.84959303487943,245.78421749898484,74.7576841960683,9.171527717327194,7.659334598953929,1.5121931183732649
2024-07-10,257.4929504394531,261.24319209006006,255.665912645133,260.11332156279633,9233748,230.24838897705078,233.04211926460266,246.89933492188658,69.73640581050515,8.95322781168042,7.918113241499228,1.035114570181193
2024-07-11,256.7958068847656,259.41617825007233,254.8245344883503,258.04590711424277,8807618,230.932568359375,233.22625637793726,247.84185606120838,68.4197251813824,8.624551444640986,8.05940088212758,0.5651505625134057
2024-07-12,269.3207092285156,271.55641641500307,260.3777924452676,262.0365618712202,54186042,231.87253479003905,233.5039060152494,249.88746112476144,76.86946560878343,9.267893492819326,8.30109940426593,0.9667940885533959
2024-07-15,269.10430908203125,272.56608193909284,267.3974715057563,272.56608193909284,16099478,232.8562533569336,233.7756648172859,251.71763712069188,76.48866954108084,9.649056698449499,8.570690863102644,1.0783658353468546
2024-07-16,269.10430908203125,270.49861428914835,267.51767174839205,270.1380135612411,11239032,233.8404525756836,234.04330606171578,253.37351064081943,76.48866954108084,9.837728079516467,8.824098306385409,1.0136297731310577
2024-07-18,275.59515380859375,276.1721209086041,267.4936389178483,267.58980499214425,25019786,234.9419680786133,234.35572596958704,255.4898576091789,79.94472193200318,10.391224859627869,9.137523617033901,1.2537012425939675
2024-07-19,267.9023132324219,278.8165014008319,266.70031077655653,278.8165014008319,26523490,235.83914276123048,234.60607363572763,256.67199623996396,67.31521135189351,10.092783774041862,9.328575648435493,0.7642081256063697
2024-07-22,243.1891326904297,253.26191920968762,241.1457285012675,250.49731354199764,76014568,236.24878479003905,234.66965185094762,255.38791399715117,43.526282261065745,7.772523122166916,9.017365143181777,-1.2448420210148612
2024-07-23,240.66493225097656,244.24690553396402,233.8375669236382,244.24690553396402,25847632,236.67813995361328,234.71373479506548,253.98572525942026,41.897620440664326,5.664718609178465,8.346835836381116,-2.682117227202651
2024-07-24,240.44857788085938,243.45358406645082,240.32837763343574,241.60249732155015,12240276,237.1421127319336,234.75559496357494,252.69647312812876,41.75340963434679,3.9314905810535663,7.463766785315607,-3.5322762042620406
2024-07-25,243.69398498535156,244.00650269462054,237.17912275992376,238.47729130351092,21887890,237.67003204345704,234.82036590576172,251.8390933050071,44.82148918747258,2.7876379567436516,6.528541019601216,-3.740903062857565
2024-07-26,252.32435607910156,254.1273598087242,244.487305736828,245.20850722867704,26153996,238.32824829101563,234.94629389262028,251.8853088073018,52.05406322366102,2.548151823161902,5.732463180313355,-3.1843113571514525
2024-07-29,252.13206481933594,255.08897346368525,251.38679976706476,253.86293674062503,12011554,238.96386779785155,235.06904939923967,251.9088093798765,51.89086007264553,2.316141996093336,5.049198943469351,-2.7330569473760153
2024-07-30,250.73773193359375,253.35810336178437,249.89633014858168,252.13206662991988,10816526,239.51246185302733,235.18017480728474,251.79727819451622,50.65077464169685,1.996744300284206,4.438708014832323,-2.441963714548117
2024-07-31,250.97813415527344,252.37246886110896,249.75209741504733,250.88196808146313,7758508,240.09903900146483,235.29142804212972,251.7192644764931,50.86878390130092,1.7429264047240451,3.8995516928106677,-2.1566252880866226
2024-08-01,250.7617645263672,253.2859698654075,248.81452627683197,251.4589318701123,10759752,240.68225067138673,235.39961221334818,251.62807400505255,50.65189724967097,1.5069435656718326,3.4210300673829006,-1.914086501711068
2024-08-02,241.43421936035156,249.6559193998633,240.88130114459608,247.6125151486367,15652228,241.07506500244142,235.4415192074246,250.65723070555723,42.28244066816494,0.5608059028499497,2.8489852344763107,-2.288179331626361
2024-08-05,233.18849182128906,238.40518575846554,230.9046870044826,235.59249689161163,21938080,241.2596926879883,235.4259810875202,248.9935412880079,36.53520054938881,-0.8446398292901165,2.110260221723025,-2.9549000510131416
2024-08-06,235.3520965576172,240.08798948421114,233.95777655038145,235.4722968112217,11271584,241.50826690673827,235.42547502909622,247.69435607558972,38.88265617764506,-1.7635517506695066,1.3354978272445188,-3.0990495779140255
2024-08-07,239.15040588378906,240.44857440635863,236.86660121574073,239.77545596508912,7079826,241.94050659179686,235.4508146947744,246.88064653351347,42.87723324245461,-2.160400497802982,0.6363181622350187,-2.7967186600380005
2024-08-08,234.29432678222656,237.5156994249569,233.83757462552342,237.5156994249569,13160570,242.24100708007813,235.4430005872572,245.6819494143433,39.337330551093785,-2.8340814616612136,-0.05776176254422771,-2.7763196991169856
2024-08-09,236.217529296875,238.6936662257061,235.42421056846766,238.16478218247374,6065948,242.6304559326172,235.44819876651636,244.78057606982253,41.400718135564894,-3.17617909358205,-0.6814452287517921,-2.4947338648302577
2024-08-12,235.13572692871094,237.5156977857985,234.34240820064255,236.33772944786986,7338468,243.13145050048828,235.44611562093098,243.8620190087643,40.5648896134005,-3.494306155440995,-1.2440174140896327,-2.2502887413513624
2024-08-13,235.8328857421875,236.89065379000039,234.22219949010588,235.13571843709968,6289418,243.63436798095702,235.4486770124625,243.0973396500427,41.38614471060746,-3.648116043224775,-1.7248371399166613,-1.9232789033081135
2024-08-14,238.06861877441406,238.88598636608606,235.80886281588513,237.03489953051064,11121756,244.12526580810547,235.4659134714227,242.61841385236377,44.05584569859469,-3.548699319764097,-2.089609575886149,-1.4590897438779482
2024-08-16,248.21353149414062,248.79049859872813,239.41487852292042,240.88131579382946,25931140,244.87627716064452,235.54923123627705,243.15128219919964,54.24069886859193,-2.621086919812285,-2.195905044671376,-0.4251818751409089
2024-08-19,249.8963165283203,251.55508582608817,246.9874763849741,248.09331280156474,11466562,245.53257019042968,235.64239412778383,243.79366642102067,55.6819694470361,-1.7302158696042227,-2.1027672096579457,0.37255134005372303
2024-08-20,252.25225830078125,253.67059778492322,249.84825328255505,249.96845353346637,9543812,246.14462982177736,235.74955454180318,244.5992466000455,57.69114553115571,-0.8245840407878688,-1.8471305758839305,1.0225465350960616
2024-08-21,253.06959533691406,253.91099708932526,250.52135589876443,251.65125585946086,6454402,246.54657928466796,235.86058044433594,245.40594647974726,58.3958316263888,-0.04044578979249991,-1.4857936186656446,1.4453478288731447
2024-08-22,249.5357208251953,255.08896654666094,249.07895400270152,253.76676378698988,11496506,246.96727996826172,235.94768324930956,245.79925832217089,54.19299761766727,0.2924639419874495,-1.130142106535026,1.4226060485224754
2024-08-23,246.36245727539062,250.71370068826442,245.85760739474065,249.96846496767816,11277706,247.31682281494142,236.01359954061388,245.85289631771565,50.66667154556537,0.2968198994717852,-0.8447497053336637,1.141569604805449
2024-08-26,250.01651000976562,252.3243488483955,248.06927190672678,248.09330608661358,17351380,247.73127319335939,236.10166815991673,246.24943095505375,54.35025882400184,0.5883415099356455,-0.5581314622798019,1.1464729722154474
2024-08-27,248.64625549316406,251.57912993276514,248.0933225901707,250.0165266412573,7965796,248.06350708007812,236.1800718307495,246.4776999586833,52.75936490894279,0.7007288329355674,-0.30635940323672806,1.0070882361722955
2024-08-28,257.0362243652344,258.719028006017,248.98280694148895,250.01654091627634,34375566,248.61258209228515,236.30961315083948,247.48327371168818,60.40219946334623,1.450081331258076,0.044928743662232734,1.4051525875958433
2024-08-29,259.00750732421875,260.57011059084016,256.7717709121315,257.228537736143,25685318,249.06309265136719,236.44972360869986,248.58081977002445,61.95945113883355,2.1779090650621242,0.4715248079422111,1.7063842571199133
2024-08-30,258.86328125,260.59415318599196,257.56511262512333,260.4499187489535,19434804,249.47321624755858,236.58723009729678,249.5601018157364,61.768055880800084,2.7118197786169276,0.9195838020771545,1.792235976539773
2024-09-02,256.00250244140625,260.5941461961899,255.71400422930225,258.86327430662436,15735982,249.87757019042968,236.70561590427306,250.17366378008592,57.94455309959735,2.8710116887949653,1.3098693794207168,1.5611423093742485
2024-09-03,257.7333679199219,260.0412068305239,254.58412726670093,256.2669307519388,15056686,250.31509887695313,236.83305682558003,250.89363560292742,59.57501647973607,3.101091352448009,1.6681137740261753,1.4329775784218335
2024-09-04,249.60784912109375,253.98312645181133,248.45391499095788,253.86292620266232,20402128,250.5901171875,236.91001340567348,250.7711797475147,49.811789097719014,2.5978235909881846,1.854055737418577,0.7437678535696075
2024-09-05,252.348388671875,252.90132155045234,249.77611510543724,250.5934826602093,12069118,250.8593655395508,237.00245876654893,250.9213901212633,52.63140158641978,2.392539199696074,1.9617524298740767,0.4307867698219974
2024-09-06,250.3049774169922,254.77644998915423,249.2712729217148,252.34838157356157,14579954,251.1036117553711,237.0816404251825,250.86268414942796,50.35958010431369,2.041431280776351,1.9776882000545317,0.06374308072181911
2024-09-09,247.54037475585938,250.85791328218008,246.8672709860388,248.62217696934266,11919540,251.14255645751953,237.1435264271392,250.54627373099288,47.37980066236164,1.5225444507542534,1.8866594501944762,-0.36411499944022285
2024-09-10,252.78114318847656,253.86294551310627,247.1317310487436,248.47796807246291,10287272,251.24737182617187,237.23551240808823,250.75911844122942,53.051004486773145,1.5167252486294274,1.8126726098814667,-0.29594736125203935
2024-09-11,247.29998779296875,253.02153155114863,246.7711184201939,252.42053028855682,8261524,251.1223635864258,237.29436898928637,250.42967742710934,47.30823551524116,1.0576382610138637,1.6616657401079462,-0.6040274790940825
2024-09-12,254.84857177734375,255.7861396244435,248.93472517021735,250.23289377806583,15779474,251.04399322509767,237.3964283078216,250.85052450808405,54.59752678671532,1.2880681098006335,1.5869462140464838,-0.2988781042458504
2024-09-13,264.72900390625,265.64253749294704,255.2331846927012,256.6515534317256,35919706,251.15553863525392,237.5544200742865,252.1722844507665,62.006342569571174,2.2421080972266907,1.7179785906825253,0.5241295065441653
2024-09-16,265.3540954589844,267.7340370383919,263.95976075856555,265.88296484423813,11088578,251.35939819335937,237.71418832362383,253.42769502297773,62.42410653377115,3.0138890876250457,1.9771606900710295,1.0367283975540162
2024-09-17,265.3540954589844,266.7964985232388,263.0221928976471,263.95976075856555,8728238,251.52094787597656,237.87213065011161,254.5635426835498,62.42410653377116,3.5842144893601926,2.298571449928862,1.2856430394313305
2024-09-18,258.7430725097656,263.9837858554035,256.0986669829738,263.9837858554035,16665520,251.4916192626953,237.99071554704145,254.96159314318942,55.005529298445936,3.462829831074174,2.5314231261579248,0.9314067049162493
2024-09-19,256.4352111816406,265.1377272138697,254.41587038289185,261.6519198337823,20969182,251.418056640625,238.09492173706744,255.10193771828,52.6530928341082,3.144162544634156,2.6539710098531715,0.49019153478098465
2024-09-20,259.1997985839844,259.99313194542407,255.3053223541751,258.6228608801335,16664232,251.45219360351564,238.21348846092653,255.49221018168043,55.12872038566937,3.0792004173295027,2.739016891348438,0.3401835259810646
2024-09-23,257.18048095703125,259.8248866042606,255.7861462410949,259.1998217928483,8544290,251.45988708496094,238.3194493128601,255.65299787457099,52.95088085496064,2.8321283938743136,2.757639191853613,0.07448920202070042
2024-09-24,259.4161682128906,260.5460681465332,254.51199224710768,255.8822926756831,12355694,251.26179626464844,238.43665330674912,256.0113950496491,55.067299522470776,2.7846239013910576,2.7630361337611022,0.0215877676299554
2024-09-25,257.8055114746094,259.34408059989346,255.18514005985816,259.05558238190974,8065196,251.0358203125,238.54366357286992,256.1822632805977,53.210256087906345,2.587186238398715,2.727866154688625,-0.14067991628991017
2024-09-26,260.54608154296875,261.123019283861,257.5651093833767,259.00751242713756,11403400,250.86465576171875,238.66455597929902,256.5978650198711,55.933339954627044,2.6216359809558583,2.706620119942072,-0.0849841389862136
2024-09-27,260.49798583984375,268.71970086004535,259.9691164580319,263.91169067715504,26462384,250.56271240234375,238.78386433919272,256.96930509796374,55.87188544924977,2.6149136322147797,2.6882788223966134,-0.07336519018183374
2024-09-30,260.3297119140625,261.7961491207928,256.7477385316866,258.67094256563183,8199446,250.41126037597655,238.9009613368822,257.2893438423541,55.64154120893603,2.566423688184784,2.663907795554248,-0.09748410736946367
2024-10-01,262.8779602050781,264.24823138690806,259.728719363041,259.728719363041,9411274,250.80503692626954,239.03056673616976,257.8215930197564,58.43607991574945,2.702465063647594,2.671619249172917,0.030845814474676825
2024-10-03,254.89666748046875,260.78647985968496,253.0215318010246,259.6806140588121,14035368,251.08967163085939,239.1158683530746,257.5430286826814,48.194881528714525,2.141568544298991,2.565609108198132,-0.4240405638991409
2024-10-04,256.5313720703125,260.5701122777244,253.88696652506454,253.88696652506454,11922754,251.41132751464843,239.20899938899566,257.44668043388435,50.12294460109679,1.8081181497621515,2.414110916510936,-0.6059927667487846
2024-10-07,255.52169799804688,260.4499082611406,252.87729249102097,258.67093868726124,9878074,251.64788177490234,239.29576906244804,257.2633487733284,48.91209164582662,1.4457187049754339,2.220432474203836,-0.7747137692284021
2024-10-08,253.3581085205078,256.6515838363086,250.16076993405358,255.5697815192661,11502804,251.66855682373046,239.37017297492457,256.8914211302026,46.32930262143851,0.9727180568064,1.9708895907243489,-0.9981715339179489
2024-10-09,255.37747192382812,259.00751373311,254.10333749044224,254.72837294340383,8841688,251.7334649658203,239.4544219167609,256.7472354915003,49.03434818114066,0.752137215835603,1.7271391157465998,-0.9750018999109968
2024-10-10,252.42051696777344,258.4785976366947,251.6752813106403,257.22852681477866,12620244,251.7671206665039,239.5223072311641,256.33516706066916,45.42408821741137,0.33486365771636883,1.4486840241405536,-1.1138203664241848
2024-10-11,254.00717163085938,256.94007544454615,250.18479767326207,250.18479767326207,8436982,251.82770141601563,239.59774923324585,256.1134532102111,47.65132381451178,0.13069456214017805,1.1850861317404786,-1.0543915696003006
2024-10-14,264.22418212890625,265.3300185532582,257.85356891632455,259.0075030478525,33136266,252.0969497680664,239.72534733115083,256.88590358342014,59.19832606668957,0.7842757997848935,1.1049240653493617,-0.32064826556446824
2024-10-15,256.2428894042969,265.81081134529455,255.23318973393668,265.81081134529455,21601252,252.39312316894532,239.81048930060004,256.82466413778934,49.932557636225084,0.6507189361498718,1.0140830395094638,-0.363364103359592
2024-10-16,255.8582763671875,259.0555855656702,254.343741405014,256.2669454988137,12553622,252.8465188598633,239.89278564453124,256.7326272072558,49.53023189305015,0.507983385485204,0.9128631087046118,-0.4048797232194078
2024-10-17,254.22352600097656,258.6709352028849,252.44455645106046,257.20449803789495,23755278,253.22394744873046,239.96590166675801,256.4936651876102,47.76846900265103,0.2599571170275681,0.7822819103692031,-0.5223247933416351
2024-10-18,263.79150390625,268.47931407418486,252.32438142645705,255.7861548042392,74653054,253.71676940917968,240.08684381010568,257.1886974465283,57.33406019993924,0.825929564473995,0.7910114411901615,0.03491812328383348
2024-10-21,263.5270080566406,270.1620851241475,262.9981387116136,265.20981150360706,23966964,254.30142303466798,240.2052284780175,257.7923460760628,57.02316518251658,1.2388435844193282,0.880577869835995,0.35826571458333323
2024-10-22,262.2528991699219,267.0849431269179,261.48359999810225,264.34437168472584,18478300,254.82213043212892,240.31602079305216,258.21716065643034,55.462978316812645,1.4465955283485528,0.9937814015385067,0.45281412681004607
2024-10-23,263.09429931640625,266.60414056378323,260.690294442071,263.23853373971383,12698576,255.3813018798828,240.42991218566894,258.6816500526185,56.313054214894414,1.6599989658662366,1.1270249144040527,0.5329740514621839
2024-10-24,262.9500732421875,264.68094506836184,262.10867150945427,263.0943076700748,9576604,255.9236456298828,240.6000326538086,259.0881665468632,56.11533722438889,1.7967728102416913,1.2609744935715805,0.5357983166701108
2024-10-25,261.29132080078125,265.40216366226656,259.87295191930264,264.3203613647301,10124540,256.38809967041016,240.78093055725097,259.29799076152204,53.776758441395906,1.7511336296232116,1.3590063207819068,0.39212730884130487
2024-10-28,268.5754089355469,269.1523759661899,260.9306911532544,261.29129187918596,11185858,256.79533721923826,241.0301540374756,260.18155439714343,61.38676332200217,2.276487357785186,1.5425025281825626,0.7339848296026232
2024-10-29,270.30633544921875,270.8833025341243,266.00316051257806,269.1524012794077,12055630,257.20353759765624,241.29642837524415,261.14581925924585,62.947846738742875,2.8002260136148607,1.7940472252690225,1.0061787883458382
2024-10-30,271.77276611328125,278.2635796338992,269.77743021863745,270.4505633590813,20755492,257.59394775390626,241.5599594116211,262.15790943582067,64.26592159570421,3.295631383678824,2.094364056950983,1.2012673267278409
2024-10-31,265.3059997558594,272.27761461914804,263.623196168169,271.55641308156646,15680094,257.83867584228517,241.80614974975586,262.45772756153866,54.977865702824865,3.1303450395906793,2.3015602534789226,0.8287847861117568
2024-11-01,265.0896301269531,266.7964972212704,264.4405604895123,265.2579280910875,1962810,258.14975402832033,242.05029861450194,262.708384948721,54.69304601582879,2.9479134886163934,2.430830900506417,0.5170825881099765
2024-11-04,260.01715087890625,265.6184937490801,256.8438763107442,264.9213264944162,9855560,258.42284790039065,242.26224830627442,262.452076942072,48.366902164750094,2.3667461113579975,2.418013942676733,-0.05126783131873536
2024-11-05,261.4115295410156,262.2048336441656,259.8248919889492,261.07496294614907,6862260,258.65074829101565,242.49412384033204,262.35297718959043,50.076359749994545,1.995676565339636,2.3335464672093136,-0.3378699018696776
2024-11-06,271.1236877441406,272.0612261902315,260.1133334264176,263.2145056552753,19554884,259.10029693603514,242.733179397583,263.18828295669044,60.00803653721037,2.456968868106287,2.3582309473887086,0.09873792071757848
2024-11-07,270.88330078125,273.9123412751971,266.58012587245497,272.1333716689854,11997142,259.37723846435546,242.90110542297364,263.9211417971247,59.69151100263116,2.771204403227273,2.4408256385564213,0.3303787646708516
2024-11-08,273.57574462890625,278.28758814000577,271.65254080023203,271.65254080023203,20852658,259.6686032104492,243.1055229949951,264.8406277811039,62.10268318166937,3.2006015037393354,2.592780811593004,0.6078206921463312
2024-11-11,275.7393798828125,280.40315555992237,272.1574064807442,273.5757753327294,16139444,260.0061251831055,243.32699584960938,265.8786041717428,63.96795731076916,3.67314732634685,2.8088541145437738,0.8642932118030764
2024-11-12,274.3691101074219,278.72035341068715,273.5998108783199,276.4605827779578,11260890,260.37345733642576,243.54101768493652,266.6872237846646,61.89034819115492,3.8922070363204284,3.0255246988991047,0.8666823374213237
2024-11-13,273.57574462890625,275.787417293577,271.9169754575224,274.05654558607483,11391200,260.6903048706055,243.74531532287597,267.34327338887806,60.66186554301615,3.956190964237919,3.2116579519668678,0.7445330122710514
2024-11-14,272.4699401855469,276.24421640274414,271.26793765194714,273.5517424657867,9783520,261.14754669189455,243.9804271697998,267.8315273695132,58.90676897154435,3.873023704711727,3.34393110251584,0.5290926021958873
2024-11-18,265.8108215332031,272.4699330012213,259.77677484278746,272.4699330012213,15289764,261.4167953491211,244.16024673461914,267.6390791946265,49.60016050162113,3.232515404272476,3.3216479628671673,-0.08913255859469116
2024-11-19,270.2101745605469,273.96041666572165,266.70033296654697,267.3253684264485,12919778,261.81489929199216,244.3814151763916,267.8839454199522,54.69287667892452,3.0448004200209766,3.2662784542979293,-0.22147803427695267
2024-11-21,267.8782958984375,272.90264300330875,266.9887964177016,270.21016907115484,11672608,262.22165771484373,244.58371231079101,267.88340737028415,51.710250796770495,2.6770128847265937,3.148425340383662,-0.47141245565706846
2024-11-22,274.8498840332031,275.78742244056974,268.23887074875483,270.1861087924763,14733232,262.6630325317383,244.82206939697267,268.54688133818115,58.92266602516349,2.9144910728422815,3.1016384868753866,-0.1871474140331051
2024-11-25,280.04254150390625,282.4946148059258,275.9316989231025,276.7009687660755,23297474,263.31788360595704,245.07280715942383,269.6417061158693,63.31736320058933,3.4815649948369014,3.1776237884676894,0.30394120636921196
2024-11-26,283.1918029785156,283.8408726222484,278.5280271791561,281.2685988835851,15771340,263.88474822998046,245.35563835144043,270.9321915313594,65.7132008073479,4.1374008633789,3.3695792034499314,0.7678216599289689
2024-11-27,280.2589111328125,286.5573924157251,279.7781101388264,284.3937879427876,13659676,264.1953463745117,245.59543792724608,271.8204505410216,61.67334078696659,4.370119634649143,3.569687289689774,0.8004323449593689
2024-11-28,275.1143493652344,281.74939756851387,274.32101594435477,281.6291973135785,11896556,264.3905514526367,245.81143783569337,272.1341551909467,55.25633021030994,4.092254831425578,3.674200798036935,0.41805403338864267
2024-11-29,277.8308410644531,279.22517567742847,274.82583486904383,276.46056997765197,8540112,264.6400863647461,245.99943092346192,272.6766967027092,57.75579542817317,4.044619296855615,3.748284497800671,0.29633479905494386
2024-12-02,281.05224609375,281.53304714064575,277.9991711842689,280.0425756335758,11194000,265.0862698364258,246.21422882080077,273.4743680732845,60.56884042199842,4.2181836604628415,3.8422643303331054,0.3759193301297361
2024-12-03,280.45123291015625,284.82653985910673,278.191462216277,284.0091722448399,15445286,265.5665902709961,246.4412870788574,274.1388313910818,59.76917166550495,4.258152595532692,3.925441983373023,0.33271061215966924
2024-12-04,282.71099853515625,285.59580464265787,280.5954623180157,283.33603398929523,14036431,266.03681427001953,246.67579780578615,274.95522826194605,61.81075014608892,4.421207536450311,4.024595093988481,0.39661244246183003
2024-12-05,287.8074645996094,289.3460336566695,282.61481970957493,283.672587770414,13487264,266.6493539428711,246.90934677124022,276.1792507702949,66.00120401765535,4.905128700015098,4.2007018151938045,0.7044268848212933
2024-12-06,285.9323425292969,287.6632142817882,284.82650616821843,287.6632142817882,7894350,267.1796774291992,247.10911949157716,277.1081166521046,63.2511971489951,5.078787922839865,4.376319036723017,0.702468886116848
2024-12-09,292.08660888671875,293.96174453392683,282.4705888410654,283.6725913467721,9285213,267.86529937744143,247.33269195556642,278.5346397220679,67.96847031599293,5.647906420256618,4.630636513429738,1.01726990682688
2024-12-10,296.26959228515625,299.05823231216164,291.7981487001242,294.25022214637124,17028502,268.5797695922852,247.5675633239746,280.2236828233144,70.71964811095917,6.363118660327302,4.97713294280925,1.3859857175180519
2024-12-11,297.1350402832031,298.0004762789524,293.8175013961035,296.317672652753,8608406,269.31251068115233,247.74786376953125,281.83428829568476,71.2694726217988,6.919994544439703,5.365705263135341,1.5542892813043618
2024-12-12,297.231201171875,301.75071322446985,295.6445636497325,296.17343304185806,12958440,270.0505404663086,247.94559326171876,283.30066095056003,71.33388344372621,7.285103931436765,5.749584996795627,1.5355189346411384
2024-12-13,298.0485534667969,299.10629219667464,292.5193419328758,297.2311858926296,7382211,270.75395233154296,248.15702545166016,284.70522214258256,71.91032783146142,7.553339059517214,6.1103358093399445,1.4430032501772692
2024-12-16,297.3273620605469,299.44286893791605,295.30799191042126,298.0966319530874,7221189,271.60256622314455,248.39021392822266,285.9073307061982,70.56203084261438,7.619885910255277,6.412245829523012,1.2076400807322658
2024-12-17,296.99078369140625,300.26022462359924,295.5002829833342,299.0582221231045,10568517,272.4117544555664,248.59852096557617,286.9628976571704,69.90329351107458,7.558337893092926,6.641464242236995,0.9168736508559308
2024-12-18,300.5968017578125,301.22183721088476,296.7022959118727,297.1350285655655,10965226,273.3132565307617,248.81259765625,288.2613647143744,72.8298664801328,7.711641168213532,6.855499627432303,0.8561415407812296
2024-12-19,300.74102783203125,301.3660632677251,289.58643867638256,294.5867808534623,12405595,274.2609149169922,249.0352084350586,289.44990405891315,72.9431893472714,7.755373835060993,7.035474468958041,0.7198993661029522
2024-12-20,293.48095703125,307.7126556151442,292.71165778475273,303.3854463955562,22214824,275.02298461914063,249.2250047302246,289.83381386580237,59.49186304877996,7.122106044807197,7.052800784127873,0.06930526067932341
2024-12-23,296.0772705078125,298.72167619159507,293.28863038315865,294.82719955923994,6693583,275.89611968994143,249.4608376312256,290.428428784089,62.177986449635306,6.751905790803619,6.992621785463023,-0.2407159946594044
2024-12-24,293.57708740234375,297.32735878805676,291.1730823324072,295.6926236021939,8837902,276.6875180053711,249.682006149292,290.7283010334466,58.177281819785726,6.185473255284194,6.831192079427257,-0.6457188241430636
2024-12-26,293.336669921875,295.16373714591833,292.3269995892307,293.67323648134425,6516148,277.26976776123047,249.90077056884766,290.97671711805884,57.79220444336328,5.652018754594451,6.595357414460696,-0.943338659866245
2024-12-27,297.231201171875,298.9620731331639,293.00015799757307,293.4809590252384,8063921,278.089533996582,250.1356420135498,291.57238226604136,62.1614179400595,5.4803344591298355,6.372352823394524,-0.8920183642646888
2024-12-30,292.0385437011719,297.51965757935136,291.02884397793764,297.2311887131499,13709891,278.8131393432617,250.36185897827147,291.6167785931966,54.11750231175601,4.869140931298034,6.071710444975227,-1.2025695136771928
2024-12-31,290.2595520019531,291.36538836587243,283.9129733169104,289.3941161234842,9337030,279.53385986328124,250.57954147338867,291.4875189178401,51.65147299735114,4.1928829499388485,5.695944945967951,-1.5030619960291025
2025-01-01,288.7690734863281,291.70197724075706,287.4709342421498,288.48060462001393,7878201,280.0334112548828,250.78412231445313,291.2286193529342,49.61170341445625,3.4963704852351043,5.256030053821382,-1.7596595685862777
2025-01-02,292.13470458984375,292.7597694279232,285.7400565301552,286.55742417968685,8800435,280.6055651855469,251.00781509399414,291.31491318502077,54.02669241746859,3.179308551229269,4.84068575330296,-1.661377202073691
2025-01-03,283.14373779296875,292.13469356108715,282.7110051284454,291.6538925319571,12535720,281.0233819580078,251.19544784545897,290.53670600482536,43.14983064475754,2.1774386470440845,4.308036332051185,-2.1305976850071007
2025-01-06,282.9994812011719,286.3650884906322,279.3934733910358,283.67261439737064,9173687,281.42148559570313,251.39786514282227,289.8188750711441,43.00024836429738,1.356176074937423,3.717664280628433,-2.36148820569101
2025-01-07,282.7590637207031,286.07660244535015,280.1146581518806,282.99946422695973,7381943,281.81766540527343,251.56650604248046,289.1465120853878,42.734363660426844,0.6781031373812993,3.1097520519790063,-2.431648914597707
2025-01-08,286.1246643066406,286.9901295861102,278.1914477804406,281.7493869304966,7937785,282.3143322753906,251.75425872802734,288.85871705884045,47.6174072027819,0.4076026987168575,2.569322181326577,-2.1617194826097195
2025-01-09,281.0762634277344,286.5574067720837,280.162759100853,285.59580473593576,7964702,282.56434936523436,251.93311668395995,288.1175309987351,41.852482119529654,-0.21169432702942004,2.013118879655378,-2.224813206684798
2025-01-10,289.00946044921875,291.60579750745853,282.99944813455556,282.99944813455556,19505556,282.9384118652344,252.18854209899902,288.20247666068593,51.74013320151504,-0.06163845287147751,1.5981674131500068,-1.6598058660214843
2025-01-13,280.6435546875,287.7594037481253,279.1049855902869,287.47093488116985,9541248,283.11582763671873,252.4053833770752,287.48257932990634,43.36566280746633,-0.6107365785785532,1.1563866148042947,-1.767123193382848
2025-01-14,281.6051330566406,283.2398387417178,275.5470232474378,280.59543341555906,7670070,283.4418103027344,252.61032470703125,286.92282254197625,44.478037294892246,-0.9572745954423567,0.7336543727549645,-1.6909289681973212
2025-01-15,281.4128112792969,283.3841129296536,278.5761030689249,281.7493778387005,4662694,283.7682739257813,252.84639793395996,286.3980595645782,44.2906622140779,-1.233211535674286,0.34028119106911436,-1.5734927267434005
2025-01-16,276.98944091796875,285.11498945525193,275.6913017107195,284.53802239327234,10345666,284.1077197265625,253.07778327941895,285.5020006458535,40.10578462660676,-1.7882092067235362,-0.08541688848941575,-1.7027923182341205
2025-01-17,271.1236877441406,276.749035803739,269.729353146433,276.749035803739,9358955,284.301962890625,253.29799018859865,284.13263751235706,35.33750580978551,-2.670581319483688,-0.6024497746882702,-2.068131544795418
2025-01-20,288.72100830078125,293.6732528654302,285.54773335335005,290.4038118462479,39380165,284.65390930175784,253.58743240356446,284.56962520649273,53.28245048735198,-1.927689667475704,-0.8674977532457571,-1.060191914229947
2025-01-21,286.8939514160156,294.10596613564513,286.3650527291183,290.78842762631035,15619474,284.9741223144531,253.85607986450196,284.7909896073997,51.67886239171241,-1.4694322025222277,-0.9878846431010513,-0.48154755942117644
2025-01-22,297.231201171875,298.09663715251946,287.8555811324006,287.8555811324006,30859317,285.4472314453125,254.18542861938477,285.97577166115923,59.16676293174056,-0.26902899786023227,-0.8441135140528875,0.5750845161926552
2025-01-23,305.5009765625,312.1360246980273,298.72166464591106,299.1543972975658,39904371,286.04246337890623,254.55131828308106,287.83531498509643,63.97611775515444,1.3342208830827644,-0.40844663462575714,1.7426675177085216
2025-01-24,307.8088073730469,310.1166463136702,304.44320035879,306.7510392994133,17479586,286.71125732421876,254.91865028381346,289.73755235537743,65.2076662188226,2.7592240067930334,0.22508749365800096,2.5341365131350324
2025-01-27,296.1253662109375,306.89529167895597,294.97143200025846,305.5971230283835,12372895,287.16224975585936,255.23321449279786,290.34591557971646,54.96329624066507,2.9122228969756065,0.762514574321522,2.1497083226540843
2025-01-28,297.7435302734375,301.6663698556201,295.73305703023436,298.13580824587757,12077491,287.6677215576172,255.5682501220703,291.0504503124518,55.994466427556915,3.1279904096887776,1.2356097413949731,1.8923806682938045
2025-01-29,306.42279052734375,308.6293875884752,299.16551402762315,299.16551402762315,16338112,288.4799609375,255.95653846740723,292.51448271387005,61.13457210146296,3.9537550577421143,1.7792388046644014,2.174516253077713
2025-01-30,303.0393371582031,307.6486853260161,300.0481841513363,305.000756816185,9984186,289.1365441894531,256.32430358886717,293.51684980380656,58.276831185898324,4.285759512579034,2.280542946247328,2.005216566331706
2025-01-31,305.8833923339844,309.6101076738606,303.5787182300551,305.68726832381554,15597644,289.8966461181641,256.72203514099124,294.6946157590616,59.97068767017654,4.723912595062586,2.76921687601038,1.9546957190522063
2025-02-01,298.92034912109375,307.20735929223247,297.4983378015759,306.52085042840355,6046117,290.37805541992185,257.1123571777344,295.0970665554456,54.17211777902077,4.457904724241473,3.1069544456565987,1.3509502785848744
2025-02-03,307.5506286621094,307.94290663382657,294.5071691180555,297.15509780270526,14877076,290.92821716308595,257.57227462768554,296.2831200894136,59.41059445098795,4.887147014200593,3.4629929593653976,1.4241540548351956
2025-02-04,310.14947509765625,312.6993265704027,307.3054226556609,311.8657172523468,15366864,291.4673706054688,258.0548023223877,297.6037253282939,60.861437827254484,5.375069355731284,3.8454082386385755,1.5296611170927088
2025-02-05,310.98309326171875,315.2491870105061,308.82551966289395,311.66957218578926,9628027,292.08185424804685,258.52130447387697,298.8779508457629,61.33880695238147,5.762589797588134,4.228844550428487,1.533745247159647
2025-02-06,311.81671142578125,317.35771613953585,308.4822739643667,313.8271546637902,15062390,292.81590148925784,258.969737701416,300.1102137581456,61.84004268430361,6.067031595064066,4.596481959355604,1.470549635708462
2025-02-07,311.86572265625,312.84643247592373,307.94288337755506,312.84643247592373,8589587,293.49659912109377,259.41817558288574,301.22978603415555,61.871341752932665,6.240324137453683,4.92525039497522,1.3150737424784635
2025-02-10,312.8954772949219,314.80787354502263,309.75722361567034,312.6502998233136,12304840,294.1334637451172,259.8770510864258,302.3408042494666,62.56606502947742,6.387125512069474,5.217625418394071,1.1695000936754028
2025-02-11,306.9621887207031,314.21943575899286,305.58920089111695,313.3368028634653,10627890,294.66368286132814,260.3036156463623,302.7809361038701,56.21089432846136,5.956042309485156,5.365308796612289,0.590733512872867
2025-02-12,304.2162170410156,309.65914490870995,303.38260765643344,307.40352415409023,9668342,295.09378723144533,260.7077960205078,302.91762952645536,53.50228734482292,5.33137206167936,5.358521449625703,-0.02714938794634314
2025-02-13,302.5980224609375,307.5996488505585,301.0289105910796,304.31426475637375,8832731,295.38959838867186,261.1078519439697,302.8871907583108,51.91470854531455,4.652114925965577,5.217240144893679,-0.5651252189281015
2025-02-14,302.1567077636719,306.3737481051475,298.67516987348694,304.06907399480605,7371341,295.7140856933594,261.50702354431155,302.8176209492976,51.466182948256304,4.031713263434085,4.9801347686017605,-0.9484215051676754
2025-02-17,299.4597473144531,304.3142429303212,296.174363455903,302.1566992995648,7507772,295.8615484619141,261.90473037719727,302.4978234602648,48.69725192921607,3.284555990419733,4.641019012965355,-1.356463022545622
2025-02-18,306.1776123046875,306.71699072449434,299.45974417194657,299.45974417194657,10368789,296.05970886230466,262.33614669799806,302.848279540686,55.16754660384091,3.1976435849665563,4.352343927365595,-1.154700342399039
2025-02-19,308.0409851074219,310.394682878065,302.3528497387357,305.2459559108933,7835672,296.27782775878904,262.7737547302246,303.3428229279942,56.795224074558355,3.2417545611405103,4.130226054120579,-0.8884714929800683
2025-02-20,307.2563781738281,308.23708800512526,304.2652251599275,305.19691147121534,7697134,296.47833129882815,263.19481872558595,303.71554247521647,55.875340004410944,3.17678164394016,3.939537172084495,-0.7627555281443352
2025-02-21,300.4404602050781,306.7660206049001,299.1655194780858,306.7660206049001,8722925,296.52616943359374,263.5834858703613,303.4036298780605,48.52299648898653,2.5459543449918556,3.6608206066659674,-1.1148662616741118
2025-02-24,289.3584289550781,297.44928520874606,287.6912401692317,297.10606070473233,12600963,296.3667907714844,263.9342921447754,302.06599169491926,39.4367174666759,1.138666027069462,3.1563896907466664,-2.0177236636772045
2025-02-25,285.6807556152344,290.5843046640979,284.50392180084003,288.67193849237407,10810040,296.1405902099609,264.27644622802734,300.50549302066355,36.96303183060455,-0.2702621924535151,2.4710593141066304,-2.7413215065601455
2025-02-27,288.8190612792969,290.0939721588887,285.72983112575486,288.32870633654767,15555649,295.9050354003906,264.63405143737793,299.3924995214858,40.398662915007236,-1.1206942522975396,1.7527086008257966,-2.873402853123336
2025-02-28,272.2940979003906,288.32871076007075,271.65664245081496,288.32871076007075,17458839,295.33609680175783,264.898454208374,296.8116993670958,30.860845991078122,-3.0924464290989704,0.7836775948408432,-3.8761240239398136
2025-03-03,278.08026123046875,280.826266720744,273.91224443939626,274.05937485748643,11471554,295.0280828857422,265.18710006713866,295.0277528778932,36.51285271601996,-4.140450673149644,-0.20114805875725428,-3.93930261439239
2025-03-04,274.5987548828125,277.63896136907863,270.97011650744827,273.6180450439453,9331785,294.5985125732422,265.4435536956787,293.08213402121885,34.676022275304305,-5.1920789983796,-1.1993342466817234,-3.9927447516978765
2025-03-05,279.6003723144531,281.4146914454712,273.27478207976225,275.971734052417,10285712,294.31897827148435,265.73330917358396,291.7981567158126,39.393103055119845,-5.557845908233787,-2.0710365789921363,-3.486809329241651
2025-03-06,280.38494873046875,286.3672849847642,278.03125100404327,282.88577688201923,9782051,294.05994384765626,266.02722801208495,290.7111845267322,40.12351264875947,-5.718490856748019,-2.800527434543313,-2.917963422204706
2025-03-07,279.30615234375,282.1502348420384,277.4428096209637,281.856003930721,8097300,293.7014428710938,266.3147912597656,289.6249909854958,39.42003493725814,-5.86524212809428,-3.4134703732535066,-2.451771754840774
2025-03-10,275.48138427734375,280.1397559532064,272.58830824650965,278.9629221187428,8165123,293.3702996826172,266.57241264343264,288.27798082281464,36.94672977203539,-6.2184875325593225,-3.9744738051146697,-2.2440137274446528
2025-03-11,272.39215087890625,273.9122391192764,267.9299331960997,271.65661851829714,8602609,293.01295166015626,266.81975646972654,286.7650446376805,35.034721907446595,-6.6708153708895,-4.5137421182696364,-2.1570732526198633
2025-03-12,263.36962890625,272.3431483400791,257.14214504979424,272.3431483400791,18584311,292.50496276855466,267.04891250610353,284.53690980611566,30.130385342634384,-7.668927932973929,-5.1447792812104955,-2.5241486517634337
2025-03-13,258.90740966796875,265.87045583799903,258.269954228428,263.3696276736446,8683943,291.84041687011717,267.24710304260253,282.09600503105406,28.039816836902673,-8.719490273467386,-5.859721479661873,-2.8597687938055127
2025-03-17,254.83746337890625,260.084267121287,253.90577703935543,258.90740331647436,12697926,291.27429138183595,267.43756492614745,279.49995344513525,26.250760316440036,-9.767881095790983,-6.641353402887695,-3.126527692903288
2025-03-18,254.83746337890625,254.83746337890625,254.83746337890625,254.83746337890625,0,290.71105102539065,267.6613222503662,277.1511448673991,26.250760316440036,-10.477955032417242,-7.408673728793605,-3.0692813036236366
2025-03-19,260.5746154785156,261.35917137600615,251.3068955538521,256.94597711262145,14044300,290.2673620605469,267.91076026916505,275.57242778274355,33.21690490174821,-10.457209316330307,-8.018380846300946,-2.4388284700293603
2025-03-20,262.8302307128906,268.6654660901986,262.33987580484416,264.0070944637574,17038774,289.80147338867187,268.15729278564453,274.35888520466233,35.78507767345306,-10.141849955214298,-8.443074668083616,-1.6987752871306814
2025-03-21,259.20159912109375,264.3503257886549,255.18071271430023,258.90739814021737,22659168,289.3639801025391,268.39998596191407,272.91533414908434,33.54990282163284,-10.068660383825545,-8.768191811232002,-1.3004685725935428
2025-03-24,264.2032165527344,266.40981362293354,260.28037731682474,261.89854251585984,9269617,288.8678552246094,268.6355937194824,272.08560866371766,39.18822031960017,-9.497586133816583,-8.914070675748919,-0.583515458067664
2025-03-25,265.7723693847656,269.4010078017961,264.15420411783185,266.7530792348939,12563930,288.5704315185547,268.85620918273924,271.48434778000797,40.88297156394924,-8.816754103661026,-8.89460736133134,0.07785325767031459
2025-03-26,262.2418212890625,266.9982702901099,261.6043658398046,266.753092815096,7308412,288.18316528320315,269.0025576782227,270.6041071618227,38.29688382096851,-8.464502029507912,-8.808586294966656,0.3440842654587435
2025-03-27,266.94921875,268.2731530330135,264.39936729168767,264.7916452247616,14783522,287.8938934326172,269.1948003387451,270.2560225511729,43.434653950027496,-7.716540612367169,-8.590177158446759,0.8736365460795898
2025-03-28,257.191162109375,266.6059827996334,256.5537066828704,265.7723734285629,14283389,287.4979278564453,269.33632957458497,269.01175012814457,36.62648978007989,-7.821013643063225,-8.436344455370053,0.6153308123068282
2025-04-01,257.534423828125,257.9267017994563,253.51350728197508,255.3278265693844,8388635,287.226142578125,269.47753173828124,267.9186714329046,37.00058048994305,-7.786354670824437,-8.306346498460929,0.5199918276364919
2025-04-02,258.51513671875,260.4275030745007,256.0633619583842,257.7305508380983,7136992,286.62202514648436,269.6099346160889,267.02309669822324,38.12438274389494,-7.592233311888663,-8.163523861146476,0.5712905492578138
2025-04-03,251.4049835205078,255.47492353343904,250.37523515445136,254.88649162013672,12262561,285.91224578857424,269.719047164917,265.5356573479646,33.4637044658063,-7.920814458885502,-8.114981980694282,0.1941675218087795
2025-04-04,241.54884338378906,249.05126788518277,240.12681706865206,248.11959650384782,14639785,284.7985986328125,269.74438148498535,263.251198875186,28.299155750319883,-8.874228935856195,-8.266831371726665,-0.6073975641295295
2025-04-07,238.21441650390625,239.14610283266745,223.60184572930416,226.5930137637474,13011904,283.45286743164064,269.74366806030275,260.8667434112546,26.79264260657075,-9.786069443150296,-8.570678986011393,-1.2153904571389038
2025-04-08,242.4805145263672,244.68711172630378,239.1461069655743,240.02873985977095,13806651,282.146301574707,269.7771466064453,259.1156739936463,31.795378370648336,-10.04863672834793,-8.866270534478701,-1.1823661938692283
2025-04-09,232.08497619628906,237.6259957362432,229.48610112234795,236.05685401629552,19063559,280.86549377441406,269.758286819458,256.5413218224694,26.960537182730576,-10.96911117210334,-9.28683866200363,-1.6822725100997094
2025-04-11,235.12518310546875,240.2739097428148,233.75219532128762,240.2739097428148,11205821,279.6131268310547,269.7546280670166,254.50168956370743,30.29864439640727,-11.322752864089892,-9.694021502420883,-1.6287313616690096
2025-04-15,239.29319763183594,240.3229459424028,236.69432257775975,240.3229459424028,10694621,278.27053497314455,269.7566641998291,253.05326176067206,34.70456147637297,-11.138297157826827,-9.982876633502071,-1.1554205243247555
2025-04-16,242.87278747558594,243.65735834559618,236.54721195918438,239.29320252199787,16203319,277.0672039794922,269.78056480407713,252.08369278114003,38.3111021350835,-10.58129709093609,-10.102560724988875,-0.47873636594721525
2025-04-17,232.3301544189453,233.21280225098582,227.67178269280586,230.46681171426735,54875421,275.5961392211914,269.71424987792966,250.20240341331197,32.59993095981392,-10.865324210102045,-10.25511342201151,-0.6102107880905354
2025-04-21,233.8502655029297,236.15493968315172,232.8205171465657,232.8205171465657,16298364,274.29473754882815,269.64579933166505,248.6450569456565,34.12480291394634,-10.842768798645238,-10.372644497338257,-0.47012430130698135
2025-04-22,229.63320922851562,234.38965806626595,228.99575380114268,233.85026464686464,18367713,272.73638916015625,269.5262133789063,246.8344047821193,31.964290068772016,-11.037936212714698,-10.505702840413544,-0.5322333723011532
2025-04-23,238.9009246826172,240.6171669146347,231.54560083111352,232.62437268400058,31898042,271.3114181518555,269.4268825531006,246.07883524883337,40.830403560470536,-10.325751771983647,-10.469712626727565,0.14396085474391818
2025-04-24,238.06732177734375,240.4210194878196,236.84143443554487,240.07778001078296,23000820,269.853102722168,269.3214604949951,245.31583396583434,40.32142041671753,-9.716598361894427,-10.319089773760938,0.6024914118665112
2025-04-25,236.25299072265625,241.4017173009845,233.45797670165894,239.2441586800977,16620430,268.34182830810545,269.22691986083987,244.4527060379126,39.17672523171938,-9.273343912632726,-10.109940601535296,0.8365966889025707
2025-04-28,235.8607177734375,237.28274405610568,234.14447554431686,235.8607177734375,14218414,266.82172821044924,269.1198403930664,243.63442144129593,38.91946220573569,-8.851678081808274,-9.858288097589892,1.006610015781618
2025-04-29,236.74334716796875,238.9009207672718,235.22325890179312,236.93950110568318,16647246,265.29868560791016,269.0025096130371,242.97812865336002,39.87615108856095,-8.35003010787429,-9.556636499646771,1.2066063917724819
2025-04-30,236.8414306640625,238.70477340814676,234.58579499818245,236.89046914984257,14206640,263.89627044677735,268.88615005493165,242.39368122580788,39.98863841366573,-7.854019705726216,-9.21611314086266,1.362093435136444
2025-05-02,237.0179443359375,241.05847900802647,236.10589137772322,237.37100047302403,10822257,262.5523049926758,268.78377502441407,241.8817062839155,40.205451504637665,-7.361822206506503,-8.845254953991429,1.483432747484926
2025-05-05,238.8715057373047,242.10783627603104,238.01827799058967,239.2932037905595,12170446,261.2777746582031,268.6941535186768,241.5950205175716,42.55257477960782,-6.74443952744744,-8.425091868682632,1.6806523412351915
2025-05-06,236.53741455078125,241.15654963127076,235.96860103378765,239.7835618071103,8869045,259.9653887939453,268.53023704528806,241.11334375882967,40.40191466366748,-6.370070747879424,-8.014087644521991,1.644016896642567
2025-05-07,239.33242797851562,239.73452261313423,231.45732898906303,231.45732898906303,9130056,258.7628424072266,268.3813776397705,240.94373273213307,44.04867384852853,-5.781204442041002,-7.5675110040257945,1.7863065619847927
2025-05-08,236.9100799560547,241.0878984294893,234.69366617105578,238.42036650441682,11434833,257.3774917602539,268.2204064941406,240.5595753248875,41.66895987163563,-5.4471950196910655,-7.143447807158849,1.6962527874677837
2025-05-09,237.34158325195312,238.26345289687706,231.93787741481646,232.03595438470202,10582438,255.96350372314453,268.0291386413574,240.25309988936993,42.26729716861613,-5.089008513964188,-6.732559948519917,1.6435514345557287
2025-05-12,252.31703186035156,252.96430396012818,240.1562355687932,240.3621762595299,19791711,254.864716796875,267.95121223449706,241.40204579136818,58.26685221658109,-3.5557609807279675,-6.097200154961527,2.5414391742335596
2025-05-13,246.71717834472656,251.99340200225382,245.7854920375837,251.99340200225382,11714159,253.79025115966797,267.96885246276855,241.908248891688,52.41706312810711,-2.7606891370658957,-5.429897951382401,2.669208814316505
2025-05-14,248.0607452392578,248.7962776071463,245.91298833071238,246.71717756920373,8839105,252.96429748535155,268.00583152771,242.49420092478988,53.62019945313122,-1.9991296310767268,-4.743744287321266,2.744614656244539
2025-05-15,251.6207275390625,252.14050255030523,245.78549209586583,248.31572524568895,12083645,252.2830969238281,268.061692276001,243.36339393567297,56.74131694170864,-1.0956969043933498,-4.0141348107356825,2.9184379063423327
2025-05-16,249.40431213378906,252.04242394605694,248.63935967071922,252.04242394605694,6640387,251.49480194091797,268.0902439117432,243.9387194783507,54.29167566525143,-0.5522007331459804,-3.321747995217742,2.769547262071762
2025-05-19,246.89370727539062,249.82603514423295,246.43277244399695,249.40432212288678,6788784,250.98679412841796,268.0630906677246,244.2201468875926,51.57549666632806,-0.32036792975435446,-2.721471982125065,2.4011040523707106
2025-05-20,244.89306640625,249.68873703641378,244.50077348249172,248.11959527027048,9366429,250.3230502319336,268.0268956756592,244.28423446079807,49.45231468434241,-0.29467690891166853,-2.2361129674823856,1.941436058570717
2025-05-21,246.0797119140625,247.24675902108947,243.31411793938997,244.8930613845833,5313593,249.7526693725586,268.00360557556155,244.45523231348992,50.74743233997421,-0.17652929470617096,-1.8241962329271428,1.6476669382209719
2025-05-22,241.19578552246094,245.06958647913768,240.27391585913918,244.19675530173737,11469037,248.98457763671874,267.9546938323975,244.1448088095824,45.57208349389019,-0.47155273595834046,-1.5536675335333825,1.082114797575042
2025-05-23,242.58839416503906,245.65802084832117,240.86235018016225,241.3527051154114,7437642,248.22864654541016,267.91382698059084,243.99657884343543,47.22480641535355,-0.586231349657254,-1.3601802967581569,0.7739489471009029
2025-05-26,245.412841796875,246.01107541259594,243.41218529388087,243.69659953457906,3690751,247.55078033447265,267.93372009277346,244.1314610294773,50.50733349404149,-0.44408650543266504,-1.1769615384930585,0.7328750330603935
2025-05-27,243.4612274169922,246.14837787215845,243.20624823569932,246.14837787215845,6861143,246.91037719726563,267.98508377075194,244.06762925685968,48.273098626337664,-0.4833429853563871,-1.0382378278657243,0.5548948425093372
2025-05-28,242.6570281982422,245.31475844538318,242.19610834135807,244.77536504122787,6205160,246.31567474365235,268.02160842895506,243.93328629889612,47.343723349457036,-0.5727439487826018,-0.9451390520490999,0.37239510326649805
2025-05-29,245.31475830078125,246.88390002750003,243.3141168154371,244.83420509291804,11785042,245.95457733154296,268.05243019104006,244.06485506098042,50.72036761698794,-0.4242477843266954,-0.840960798504619,0.4167130141779236
2025-05-30,244.85382080078125,246.26604534648814,243.7260104850971,245.17745683954277,13858429,245.6735055541992,268.1052276611328,244.13999465524716,50.12007537808364,-0.3398398459714542,-0.7407366079979861,0.4008967620265319
2025-06-02,242.90220642089844,243.62793709099108,241.45076004515775,242.82376280226995,5846259,245.43480041503906,268.13865104675295,244.02211006149966,47.55380585104308,-0.42551978957587266,-0.6776932443135635,0.2521734547376908
2025-06-03,241.4703826904297,244.68710983093123,240.98982947229905,243.2160450423685,8573438,245.16745880126953,268.1703243255615,243.77908840711206,45.704823287901654,-0.6020182789947626,-0.6625582512498033,0.06053997225504071
2025-06-04,242.09803771972656,244.99112882676218,241.75478328141514,241.75478328141514,6698150,244.79792724609376,268.2016500854492,243.61898834164677,46.68346913884153,-0.6833706170400831,-0.6667207244078593,-0.016649892632223717
2025-06-05,243.15719604492188,244.67729926431088,242.11764602627156,242.13724944834263,6468060,244.40446655273436,268.22709297180177,243.57500812291107,48.374506032846845,-0.6548292420795292,-0.6643424279421933,0.009513185862664142
2025-06-06,243.79466247558594,245.15784859342153,242.33341434962503,242.33341434962503,4445411,244.0963278198242,268.20499862670897,243.59592758507057,49.41442384938222,-0.5741533015066693,-0.6463046026550885,0.07215130114841917
2025-06-09,246.44256591796875,248.51186425215042,244.41250435696793,244.7851788799643,9193904,243.7411148071289,268.18772987365725,243.86703599772756,53.59582083418244,-0.2931738335571481,-0.5756784488355005,0.28250461527835236
2025-06-10,249.95352172851562,250.86558969624338,246.97217028480975,248.02152207238578,10739851,243.4247378540039,268.1762361907959,244.44670130542164,58.4947951762663,0.21038403457862387,-0.41846595215267557,0.6288499867312994
2025-06-11,253.9254150390625,256.55371033184537,249.19838623935493,251.0813324468539,17268454,243.25840972900392,268.18051528930664,245.34943594672077,63.22478479089901,0.919358081001235,-0.1509011455218935,1.0702592265231283
2025-06-12,254.60206604003906,257.9266867484042,251.37555222989525,254.98455724176844,14528657,243.0114666748047,268.20584701538087,246.23063881275107,63.977929000235605,1.518322919945831,0.18294366757165142,1.3353792523741796
2025-06-13,255.1905059814453,257.19116248919113,249.10030609057978,250.0810159570781,8692116,242.9714535522461,268.2499872589111,247.08395949548387,64.65582468514945,2.0172356190608127,0.5498020578694838,1.467433561191329
2025-06-16,257.8188171386719,260.19211812626037,253.02313178661726,254.9845514128701,10935361,242.97714141845702,268.28899879455565,248.1063268900732,67.58966845644872,2.5947990440828335,0.9588014551121538,1.6359975889706797
2025-06-17,257.83843994140625,260.32945143407727,256.6125525828523,257.81883651807,7528454,242.96360748291016,268.3349597167969,249.03319479972396,67.61128477813159,3.0193009933172448,1.3709013627531719,1.648399630564073
2025-06-18,256.54388427734375,260.4765403256076,255.9946891594926,257.8286117775551,5016660,243.06638549804688,268.3324980163574,249.74849855949725,64.55245399297053,3.21421060434983,1.7395632110725034,1.4746473932773267
2025-06-19,260.4569091796875,261.30033521495807,256.7596438141168,257.77959043971515,14184486,243.44454681396485,268.3397450256348,250.76834718999157,69.10268613831995,3.6424385185441395,2.1201382725668307,1.5223002459773087
2025-06-20,261.3984069824219,262.04567906296165,257.7991887305316,260.86881529309136,12904674,243.90822662353514,268.35242065429685,251.78073383688968,70.09728815969203,4.011540686082071,2.4984187552698787,1.5131219308121926
2025-06-23,258.16204833984375,260.0842611723299,256.75964045355727,258.9073973944359,6214062,244.2218572998047,268.36321838378905,252.38847807526625,62.633530640077375,3.996836672795496,2.7981023387750024,1.1987343340204935
2025-06-24,259.85870361328125,263.4677088653074,259.603709461827,260.3784786635519,6319428,244.77733184814454,268.37384506225584,253.09992812650577,64.75241531326301,4.075114158012781,3.053504702622558,1.0216094553902226
2025-06-25,264.2130432128906,264.75242165665645,260.7217185553022,260.7707420760484,5331739,245.35908905029297,268.44687103271485,254.1583200394948,69.52812389564662,4.4373573505819195,3.3302752322144302,1.1070821183674893
2025-06-26,263.3402099609375,266.0665822690859,262.0358789706371,263.909038459633,8564099,245.840029296875,268.5018301391602,255.03278574629888,67.5523263823599,4.60097022095087,3.5844142299617183,1.016555990989152
2025-06-27,259.9371337890625,264.79165951845664,259.3977553430807,263.8109496683883,8906108,246.18131622314453,268.5499909210205,255.49986651227638,60.351311530956316,4.40525376982589,3.748582137934553,0.6566716318913373
2025-06-30,260.8492126464844,261.5945317693221,257.8286095949838,260.96689303804357,7119563,246.75169738769532,268.61653511047365,256.00932804886764,61.53480730350185,4.274470775151087,3.8537598653778598,0.42071090977322756
2025-07-01,259.44677734375,263.17349270950604,258.613197919188,260.3784636674113,3886095,247.2636276245117,268.64986328125,256.3367041721898,58.63652147204227,4.011418367422522,3.885291565786792,0.12612680163572954
2025-07-02,261.8495178222656,263.5167364616031,259.34871979214756,259.8880982131101,8750887,247.90795379638672,268.7226109313965,256.8617340436256,61.94368601564403,3.951280611876655,3.898489375004765,0.05279123687188969
2025-07-03,261.8985595703125,265.62527504443784,261.31015758972075,263.2225238844243,9357962,248.3679064941406,268.75786087036136,257.34143171283387,62.01045067701505,3.8630474600894615,3.8914009920217048,-0.028353531932243214
2025-07-04,264.8406982421875,266.1646626015579,262.3398999525144,263.12445590604955,7141779,248.9033740234375,268.758419342041,258.05564757277233,65.87800341336987,3.9845961103192167,3.9100400156812074,0.07455609463800927
2025-07-07,262.5850524902344,265.3310279957011,262.14372110272905,264.84067308909005,4849218,249.43001525878907,268.74457412719727,258.4870194696735,60.76997178903156,3.8544804787443354,3.898928108293833,-0.04444762954949777
2025-07-08,264.4483947753906,265.0858501673054,262.19277417972665,262.63407563771915,5519016,250.00176879882812,268.7400456237793,259.0547694987894,63.30141885637706,3.857255018306489,3.8905934902963644,-0.033338471989875273
2025-07-09,262.63409423828125,264.2032360341256,259.7410180458059,262.83024818609573,11564433,250.51958374023437,268.7595007324219,259.39565756921724,59.289697696516455,3.670740953540985,3.8466229829452887,-0.17588202940430353
2025-07-10,259.9371337890625,262.3889084142334,258.0737910597105,262.3889084142334,6911031,250.98149780273437,268.77701034545896,259.44722673301203,53.82859468958117,3.2676377506840026,3.730825936493032,-0.4631881858090292
2025-07-11,253.3173370361328,256.9949988974523,252.7779586013615,255.96526554783838,13109857,251.3074856567383,268.74759803771974,258.86342771426166,43.28881386752151,2.386503161309463,3.461961381456318,-1.0754582201468552
2025-07-14,249.34547424316406,254.54322436989276,246.7956226997374,253.31733708256158,10388421,251.51696502685547,268.7084230041504,257.9569559551095,38.427089878000096,1.352115175764311,3.0399921403179166,-1.6878769645536056
2025-07-15,252.43470764160156,254.8374587288802,247.92345134176819,249.1003001606619,8750149,251.83491088867189,268.6735157012939,257.4310275442992,43.72128510892169,0.7727230915144219,2.586538330557218,-1.8138152390427962
2025-07-16,257.73052978515625,258.9073935455552,251.11073847291195,252.43470272113854,12179338,252.2028729248047,268.67314079284665,257.45955156723795,51.43097654894573,0.7324362097045878,2.215717906386692,-1.4832816966821043
2025-07-17,255.572998046875,259.2506600584986,253.02314639970461,258.76030512361547,7484171,252.5761312866211,268.6482753753662,257.27987980339384,48.51504231406758,0.5204147680851747,1.8766572787263887,-1.356242510641214
2025-07-18,261.8005065917969,266.65500239498084,260.476542307696,263.41867185952486,30319126,253.06530975341798,268.65478797912596,257.71041568800365,56.22906029798016,0.8451517587978401,1.6703561747406792,-0.8252044159428391
2025-07-21,255.32781982421875,261.99663494734835,254.2000094631014,261.80051093130925,12190000,253.1255255126953,268.62977851867674,257.4835017962146,48.15333401210819,0.573604282782469,1.4510057963490373,-0.8774015135665683
2025-07-22,254.6903533935547,257.0930745062403,253.7586670887266,256.6517730425497,6724044,253.28498901367186,268.58884048461914,257.21748766262795,47.43083223066186,0.3034645873581212,1.221497554550854,-0.9180329671927328
2025-07-23,256.3575439453125,256.7007983720845,253.1702369932236,255.2297336249665,6510321,253.45092498779297,268.59614486694335,257.13558826097886,49.56230785841872,0.22135364963190796,1.0214687735670647,-0.8001151239351567
2025-07-24,256.79888916015625,258.31897750908996,255.2297473596789,256.94598965700624,8139900,253.55448822021484,268.59748245239257,257.10352167994813,50.1386641577485,0.1897061953367256,0.8551162579209969,-0.6654100625842713
2025-07-25,254.20001220703125,256.9950114146563,251.11075214994622,256.74983394529335,8427780,253.65040222167968,268.5908740234375,256.82699696824176,46.75086637005655,-0.044568532298683294,0.6751792998770609,-0.7197478321757442
2025-07-28,250.0500030517578,254.0,249.0,254.0,8998911,253.71352813720702,268.57433349609374,256.18156897619565,41.88408563320397,-0.5586640659688271,0.4284106267078834,-0.9870746926767104
2025-07-29,251.8000030517578,252.6999969482422,247.25,249.1999969482422,12923128,253.85166687011719,268.5564461517334,255.76427698339205,44.50746073396442,-0.8154777853289659,0.17963294430051355,-0.9951107296294794
2025-07-30,250.1999969482422,252.5,249.1999969482422,251.4499969482422,6057152,253.9340725708008,268.54534355163577,255.23434555147304,42.61345897161186,-1.1350277357026073,-0.0832991917001106,-1.0517285440024966
2025-07-31,248.3000030517578,250.14999389648438,246.0500030517578,248.10000610351562,7338764,254.0761569213867,268.51680770874026,254.5739319800716,40.41410190267762,-1.5240190590972134,-0.3714431651795312,-1.1525758939176822
2025-08-01,242.75,246.89999389648438,242.1999969482422,246.5,7436999,254.07938903808594,268.4094367980957,253.44784322006478,34.76905513919449,-2.254151888573972,-0.7479849098584194,-1.5061669787155525
2025-08-04,246.0500030517578,246.4199981689453,241.10000610351562,242.75,5234393,254.0921322631836,268.358472366333,252.74328701355935,40.12443226314582,-2.5372568318862534,-1.1058392942639863,-1.431417537622267
2025-08-05,245.91000366210938,246.9499969482422,244.52999877929688,246.0500030517578,7383968,254.14110778808595,268.30873100280763,252.09249812294507,39.97449283969811,-2.7413161338619716,-1.4329346621835835,-1.3083814716783881
2025-08-06,239.9600067138672,246.0,239.30999755859375,246.0,7700190,254.08716735839843,268.23741340637207,250.93702275065195,34.136067754437335,-3.344595216650191,-1.815266773076905,-1.5293284435732861
2025-08-07,242.32000732421875,243.17999267578125,238.61000061035156,239.11000061035156,6190830,254.0272723388672,268.1300559234619,250.11635461480117,38.003812361193646,-3.5908725665370866,-2.1703879317689414,-1.4204846347681452
2025-08-08,239.0500030517578,243.25,238.39999389648438,242.39999389648438,8922847,253.91119598388673,268.0076708984375,249.0624163707018,34.94199864483194,-4.003758323179966,-2.5370620100511463,-1.4666963131288195
2025-08-11,241.6199951171875,244.75,238.6199951171875,239.0500030517578,3047287,253.8855517578125,267.90450637817383,248.35361434655758,39.09509506990834,-4.076603827316859,-2.844970373504289,-1.2316334538125702
2025-08-12,241.72000122070312,246.2899932861328,241.10000610351562,242.6999969482422,8101435,253.89054412841796,267.7976348876953,247.72184166790476,39.25759108520167,-4.079241797202712,-3.091824658243974,-0.9874171389587385
2025-08-13,241.64999389648438,242.88999938964844,240.1199951171875,242.88999938964844,5820844,253.88158325195312,267.6911344909668,247.143570451579,39.178788022128316,-4.040406126570048,-3.281540951909189,-0.7588651746608588
2025-08-14,246.80999755859375,248.42999267578125,242.41000366210938,243.10000610351562,12857225,253.95463928222657,267.61872787475585,247.11180160462803,47.53783681769477,-3.5523105810733853,-3.3356948777420286,-0.2166157033313567
2025-08-18,245.2100067138672,249.00999450683594,244.75999450683594,248.63999938964844,5789317,253.98294616699218,267.50190086364745,246.93067828169842,45.45187770735029,-3.2570519665903817,-3.3199662955116995,0.06291432892131787
2025-08-19,246.9600067138672,247.5,244.77999877929688,245.4600067138672,4090961,253.99329498291016,267.3851692199707,246.9334714657145,48.1326837103008,-2.849005451350507,-3.2257741266794615,0.3767686753289543
2025-08-20,250.83999633789062,252.88999938964844,245.3000030517578,245.3000030517578,10099384,254.01102447509766,267.28050537109374,247.3055214535408,53.57983525762632,-2.1873287477350516,-3.0180850508905794,0.8307563031555278
2025-08-21,249.91000366210938,252.74000549316406,249.61000061035156,252.74000549316406,7607486,253.9307162475586,267.203525390625,247.55356737816638,52.16568916645013,-1.718181700546154,-2.7581043808216945,1.0399226802755406
2025-08-22,248.63999938964844,253.0,247.61000061035156,252.0,13572686,253.8114749145508,267.12127723693845,247.65703709354563,50.21651861441643,-1.4323468140782438,-2.492952867473005,1.060606053394761
2025-08-25,253.83999633789062,257.2900085449219,250.60000610351562,250.60000610351562,16391069,253.78446472167968,267.0903914642334,248.2458903549118,57.258532981021766,-0.7772644904720778,-2.1498151920728197,1.3725507016007419
2025-08-26,252.02999877929688,254.82000732421875,251.30999755859375,253.0,15797327,253.6686883544922,267.0434838104248,248.6062816334247,54.37534315120092,-0.3995529083838676,-1.7997627353350294,1.4002098269511618
2025-08-27,252.02999877929688,252.02999877929688,252.02999877929688,252.02999877929688,0,253.55251953125,266.9480153656006,248.93234993303156,54.37534315120092,-0.09907172118218455,-1.4596245325044606,1.360552811322276
2025-08-28,250.64999389648438,252.35000610351562,249.0800018310547,252.02000427246094,5851451,253.4346417236328,266.84684883117677,249.09593507240803,52.05747810428324,0.02739117524643575,-1.1622213909542813,1.189612566200717
2025-08-29,249.41000366210938,253.10000610351562,248.66000366210938,250.5,10117017,253.21370361328124,266.72602012634275,249.1258463666653,49.995247701007344,0.027243042068050727,-0.924328504349815,0.9515715464178657
2025-09-01,250.36000061035156,252.99000549316406,249.39999389648438,249.4199981689453,3198345,252.99293548583984,266.5991232299805,249.243384866064,51.577902809664124,0.10259975363055673,-0.7189428527537407,0.8215426063842974
2025-09-02,250.92999267578125,253.14999389648438,249.60000610351562,250.36000061035156,5046939,252.8482943725586,266.48192764282226,249.40401418127516,52.54831868348123,0.20594013681346723,-0.5339662548402991,0.7399063916537664
2025-09-03,249.55999755859375,252.39999389648438,249.1199951171875,251.89999389648438,3862765,252.64232025146484,266.3618489074707,249.4188697410198,49.956859809098596,0.1752705685707383,-0.39211889015809165,0.56738945872883
2025-09-04,244.97000122070312,250.33999633789062,244.44000244140625,249.5,5021036,252.25745941162108,266.2243492126465,248.9951679771801,42.41050909634154,-0.21690923485365943,-0.3570769590972052,0.1401677242435458
2025-09-05,243.6699981689453,247.32000732421875,241.27000427246094,246.10000610351562,6233782,251.86405517578126,266.1136450958252,248.4880089478244,40.542540673032406,-0.6254046606414363,-0.41074249940605145,-0.21466216123538484
2025-09-08,242.52000427246094,246.99000549316406,242.1999969482422,244.36000061035156,6596932,251.51571258544922,265.97519424438474,247.91962755017073,38.90989496804663,-1.0300612206147832,-0.5346062436477979,-0.49545497696698537
2025-09-09,249.14999389648438,249.85000610351562,245.0,245.0,12836972,251.28172821044922,265.881552734375,248.0368052974387,51.12888326513356,-0.8064731853941112,-0.5889796319970606,-0.21749355339705057
2025-09-10,255.75,257.1700134277344,249.25,249.3000030517578,15261331,251.20779266357422,265.78605331420897,248.7713952691112,59.757897930824356,-0.09561058332664629,-0.49030582226297775,0.39469523893633146
2025-09-11,253.91000366210938,255.6999969482422,252.1699981689453,255.6999969482422,5865301,251.0490023803711,265.655390625,249.26078654463484,56.74954600157812,0.31564229542240696,-0.3291161987259008,0.6447584941483078
2025-09-12,251.94000244140625,255.89999389648438,250.82000732421875,254.8800048828125,5345794,250.84983123779296,265.49913162231445,249.515949963375,53.636212459171105,0.4771008090823159,-0.16787279716425746,0.6449736062465734
2025-09-15,251.27999877929688,251.7899932861328,249.60000610351562,251.5,3700703,250.57861724853515,265.3542370605469,249.6839546125104,52.595157746293125,0.5455127335298187,-0.025195691025442238,0.5707084245552609
2025-09-16,254.00999450683594,254.5,250.1999969482422,252.0,7316998,250.40711608886718,265.2487152862549,250.09595841197,56.367618061401046,0.8106725872621325,0.14197796463207274,0.6686946226300599
2025-09-17,254.14999389648438,255.5,252.85000610351562,253.3000030517578,7339871,250.20114807128905,265.13031105041506,250.4820570295428,56.55853974163886,1.0203485198475732,0.31765207567517284,0.7026964441724004
2025-09-18,256.92999267578125,259.79998779296875,256.0,257.0,10498239,250.08706604003908,265.0096997833252,251.09614613870835,60.27565648065732,1.3947629164342459,0.5330742438269875,0.8616886726072583
2025-09-19,255.8800048828125,257.6600036621094,254.6999969482422,257.0,10741757,250.00592346191405,264.88684364318846,251.55175173338495,58.24839361031472,1.5884530850737804,0.7441500120763461,0.8443030729974342
2025-09-22,250.3300018310547,251.77999877929688,247.2100067138672,248.5500030517578,15784007,249.9461767578125,264.72493865966794,251.43539459982966,48.88854391044641,1.2793673260605374,0.8511934748731844,0.42817385118735296
2025-09-23,249.6300048828125,252.0,248.75,250.22000122070312,8674114,249.95186737060547,264.534051361084,251.2634527220185,47.844298155706355,0.966786221833587,0.874312024265265,0.09247419756832198
2025-09-24,244.58999633789062,249.1199951171875,244.25,248.3300018310547,7888797,249.79497314453124,264.32733963012697,250.62788544733965,41.046187224024706,0.30881702580063575,0.7612130245723392,-0.45239599877170344
2025-09-25,242.0,245.63999938964844,241.27999877929688,245.4499969482422,7957740,249.4803625488281,264.07690658569334,249.80618207140253,38.05385839091223,-0.4168145823851148,0.5256075031808484,-0.9424220855659632
2025-09-26,235.75,241.5500030517578,235.00999450683594,241.4499969482422,16999628,249.08390258789063,263.7743086242676,248.4674980646023,31.99273160197616,-1.4791548499678413,0.12465503255111043,-1.6038098825189517
2025-09-29,239.63999938964844,240.7899932861328,236.2899932861328,236.8800048828125,8894412,248.64069244384766,263.4868334197998,247.62678390508287,38.552835494969194,-1.9843029162790344,-0.29713655721491855,-1.687166359064116
2025-09-30,239.3699951171875,241.5,239.0,239.92999267578125,5590909,248.32153594970703,263.1975273895264,246.84042306814047,38.27684299302678,-2.3789998570179876,-0.7135092171755324,-1.6654906398424552
2025-10-01,241.07000732421875,243.57000732421875,237.83999633789062,240.0,9479378,248.04912902832032,262.9126346588135,246.29085966395743,41.13423507524892,-2.5255107330244186,-1.0759095203453097,-1.449601212679109
2025-10-02,241.07000732421875,241.07000732421875,241.07000732421875,241.07000732421875,0,247.74337829589842,262.63134788513185,245.79363563160138,41.13423507524892,-2.6115177072970255,-1.3830311577356529,-1.2284865495613726
2025-10-03,240.97999572753906,241.39999389648438,238.05999755859375,240.97999572753906,10968346,247.4270004272461,262.3512939453125,245.3351937359764,41.0176325145478,-2.6563216155671228,-1.637689249301947,-1.0186323662651757
2025-10-06,242.1300048828125,242.9600067138672,239.32000732421875,240.0,6064946,247.18560028076172,262.0589599609375,245.0299376547227,43.23173539114849,-2.5694142992262528,-1.8240342592868082,-0.7453800399394446
2025-10-07,243.52999877929688,245.0,242.13999938964844,242.89999389648438,6587728,247.0552001953125,261.7729048156738,244.88708633325356,45.894463548294915,-2.3603630220404455,-1.9313000118375359,-0.4290630102029096
2025-10-08,244.27000427246094,246.35000610351562,242.57000732421875,243.25,7360563,246.90460021972658,261.5268500518799,244.82831661317806,47.30152398959644,-2.110645907730344,-1.9671691910160976,-0.14347671671424655
2025-10-09,246.39999389648438,246.8000030517578,243.16000366210938,243.99000549316406,4629760,246.82860015869142,261.27846366882324,244.97800016396914,51.2327376628369,-1.7210319489302037,-1.917941742598919,0.1969097936687152
2025-10-10,249.3000030517578,251.25,246.25,248.0,4738171,246.8486001586914,261.0570782470703,245.3896194866157,56.040948183780294,-1.1648261859290017,-1.7673186312649356,0.6024924453359339
